-- phpMyAdmin SQL Dump
-- version 5.2.1
-- https://www.phpmyadmin.net/
--
-- Host: 127.0.0.1
-- Generation Time: Jul 20, 2025 at 01:07 PM
-- Server version: 10.4.32-MariaDB
-- PHP Version: 8.2.12

SET SQL_MODE = "NO_AUTO_VALUE_ON_ZERO";
START TRANSACTION;
SET time_zone = "+00:00";


/*!40101 SET @OLD_CHARACTER_SET_CLIENT=@@CHARACTER_SET_CLIENT */;
/*!40101 SET @OLD_CHARACTER_SET_RESULTS=@@CHARACTER_SET_RESULTS */;
/*!40101 SET @OLD_COLLATION_CONNECTION=@@COLLATION_CONNECTION */;
/*!40101 SET NAMES utf8mb4 */;

--
-- Database: `fintrack_v2`
--

-- --------------------------------------------------------

--
-- Table structure for table `categories`
--

CREATE TABLE `categories` (
  `id` int(11) NOT NULL,
  `user_id` int(11) DEFAULT NULL,
  `name` varchar(100) NOT NULL,
  `type` enum('Income','Expense') NOT NULL
) ENGINE=InnoDB DEFAULT CHARSET=utf8mb4 COLLATE=utf8mb4_general_ci;

--
-- Dumping data for table `categories`
--

INSERT INTO `categories` (`id`, `user_id`, `name`, `type`) VALUES
(1, NULL, 'Salary', 'Income'),
(2, NULL, 'Freelance', 'Income'),
(3, NULL, 'Investment', 'Income'),
(4, NULL, 'Business', 'Income'),
(5, NULL, 'Other', 'Income'),
(6, NULL, 'Rent', 'Expense'),
(7, NULL, 'Food', 'Expense'),
(8, NULL, 'Transport', 'Expense'),
(9, NULL, 'Utilities', 'Expense'),
(10, NULL, 'Entertainment', 'Expense'),
(11, NULL, 'Medical', 'Expense'),
(12, NULL, 'stocks', 'Income'),
(21, NULL, 'test_category100', 'Income');

-- --------------------------------------------------------

--
-- Table structure for table `goals`
--

CREATE TABLE `goals` (
  `id` int(11) NOT NULL,
  `user_id` int(11) NOT NULL,
  `month_year` varchar(7) DEFAULT NULL,
  `debt` decimal(10,2) DEFAULT 0.00,
  `target_expense` decimal(10,2) DEFAULT 0.00,
  `target_saving` decimal(10,2) DEFAULT 0.00,
  `note` text DEFAULT NULL
) ENGINE=InnoDB DEFAULT CHARSET=utf8mb4 COLLATE=utf8mb4_general_ci;

--
-- Dumping data for table `goals`
--

INSERT INTO `goals` (`id`, `user_id`, `month_year`, `debt`, `target_expense`, `target_saving`, `note`) VALUES
(7, 1, '2025-07', 10000.00, 50000.00, 40000.00, 'Updated goal for August'),
(8, 2, '2025-07', 45000.00, 35000.00, 15000.00, 'Test update for July'),
(10, 9, '2025-07', 50000.00, 30000.00, 20000.00, 'July target: save at least ₹20,000'),
(20, 1, '2025-06', 100000.00, 48000.00, 35000.00, 'Previous month goal for comparison'),
(30, 22, '2025-07', 15000.00, 35000.00, 25000.00, NULL);

-- --------------------------------------------------------

--
-- Table structure for table `transactions`
--

CREATE TABLE `transactions` (
  `id` int(11) NOT NULL,
  `user_id` int(11) NOT NULL,
  `category_id` int(11) NOT NULL,
  `item` varchar(100) DEFAULT NULL,
  `description` text DEFAULT NULL,
  `type` enum('Income','Expense') NOT NULL,
  `amount` decimal(10,2) NOT NULL,
  `date` date NOT NULL DEFAULT curdate(),
  `payment_method` varchar(50) DEFAULT NULL,
  `receipt` blob DEFAULT NULL
) ENGINE=InnoDB DEFAULT CHARSET=utf8mb4 COLLATE=utf8mb4_general_ci;

--
-- Dumping data for table `transactions`
--

INSERT INTO `transactions` (`id`, `user_id`, `category_id`, `item`, `description`, `type`, `amount`, `date`, `payment_method`, `receipt`) VALUES
(1, 1, 1, 'Monthly Salary', 'Salary for July', 'Income', 50500.00, '2025-07-01', 'Bank', NULL),
(2, 1, 2, 'Freelance Gig', 'Project work', 'Income', 8100.00, '2025-07-03', 'UPI', NULL),
(3, 1, 3, 'Dinner', 'Pizza Hut', 'Expense', 1200.00, '2025-07-05', 'Card', 0x2f75706c6f6164732f726370745f64696e6e65722e6a7067),
(4, 1, 4, 'Flat Rent', 'Monthly house rent', 'Expense', 15000.00, '2025-07-07', 'Bank', NULL),
(5, 1, 6, 'Movie Night', 'Cinema with friends', 'Expense', 700.00, '2025-07-09', 'Cash', 0x2f75706c6f6164732f726370745f6d6f7669652e6a7067),
(6, 2, 1, 'Monthly Salary', 'Salary for July', 'Income', 51000.00, '2025-07-01', 'Bank', NULL),
(7, 2, 2, 'Freelance Gig', 'Project work', 'Income', 8200.00, '2025-07-03', 'UPI', NULL),
(8, 2, 3, 'Dinner', 'Pizza Hut', 'Expense', 1200.00, '2025-07-05', 'Card', 0x2f75706c6f6164732f726370745f64696e6e65722e6a7067),
(9, 2, 4, 'Flat Rent', 'Monthly house rent', 'Expense', 15000.00, '2025-07-07', 'Bank', NULL),
(10, 2, 6, 'Movie Night', 'Cinema with friends', 'Expense', 700.00, '2025-07-09', 'Cash', 0x2f75706c6f6164732f726370745f6d6f7669652e6a7067),
(11, 3, 1, 'Monthly Salary', 'Salary for July', 'Income', 51500.00, '2025-07-01', 'Bank', NULL),
(12, 3, 2, 'Freelance Gig', 'Project work', 'Income', 8300.00, '2025-07-03', 'UPI', NULL),
(13, 3, 3, 'Dinner', 'Pizza Hut', 'Expense', 1200.00, '2025-07-05', 'Card', 0x2f75706c6f6164732f726370745f64696e6e65722e6a7067),
(14, 3, 4, 'Flat Rent', 'Monthly house rent', 'Expense', 15000.00, '2025-07-07', 'Bank', NULL),
(15, 3, 6, 'Movie Night', 'Cinema with friends', 'Expense', 700.00, '2025-07-09', 'Cash', 0x2f75706c6f6164732f726370745f6d6f7669652e6a7067),
(16, 4, 1, 'Monthly Salary', 'Salary for July', 'Income', 52000.00, '2025-07-01', 'Bank', NULL),
(17, 4, 2, 'Freelance Gig', 'Project work', 'Income', 8400.00, '2025-07-03', 'UPI', NULL),
(18, 4, 3, 'Dinner', 'Pizza Hut', 'Expense', 1200.00, '2025-07-05', 'Card', 0x2f75706c6f6164732f726370745f64696e6e65722e6a7067),
(19, 4, 4, 'Flat Rent', 'Monthly house rent', 'Expense', 15000.00, '2025-07-07', 'Bank', NULL),
(20, 4, 6, 'Movie Night', 'Cinema with friends', 'Expense', 700.00, '2025-07-09', 'Cash', 0x2f75706c6f6164732f726370745f6d6f7669652e6a7067),
(21, 5, 1, 'Monthly Salary', 'Salary for July', 'Income', 52500.00, '2025-07-01', 'Bank', NULL),
(22, 5, 2, 'Freelance Gig', 'Project work', 'Income', 8500.00, '2025-07-03', 'UPI', NULL),
(23, 5, 3, 'Dinner', 'Pizza Hut', 'Expense', 1200.00, '2025-07-05', 'Card', 0x2f75706c6f6164732f726370745f64696e6e65722e6a7067),
(24, 5, 4, 'Flat Rent', 'Monthly house rent', 'Expense', 15000.00, '2025-07-07', 'Bank', NULL),
(25, 5, 6, 'Movie Night', 'Cinema with friends', 'Expense', 700.00, '2025-07-09', 'Cash', 0x2f75706c6f6164732f726370745f6d6f7669652e6a7067),
(26, 1, 1, 'Salary - June', NULL, 'Income', 28000.00, '2025-06-03', NULL, NULL),
(27, 1, 2, 'Freelance Project', NULL, 'Income', 1500.00, '2025-06-14', NULL, NULL),
(28, 1, 6, 'Rent - June', NULL, 'Expense', 10000.00, '2025-06-05', NULL, NULL),
(29, 1, 7, 'Groceries - June', NULL, 'Expense', 3500.00, '2025-06-12', NULL, NULL),
(30, 1, 9, 'Electricity Bill', NULL, 'Expense', 1200.00, '2025-06-18', NULL, NULL),
(31, 1, 10, 'Internet + Subscriptions', NULL, 'Expense', 2000.00, '2025-06-22', NULL, NULL),
(33, 1, 11, 'Medical Expense', NULL, 'Expense', 1400.00, '2025-07-02', NULL, NULL),
(34, 1, 7, 'Grocery Shopping', NULL, 'Expense', 1500.00, '2025-06-08', NULL, NULL),
(35, 1, 8, 'Daily Commute', NULL, 'Expense', 800.00, '2025-06-10', NULL, NULL),
(36, 1, 11, 'Medical Checkup', NULL, 'Expense', 1200.00, '2025-06-12', NULL, NULL),
(37, 1, 10, 'Movie Night', NULL, 'Expense', 600.00, '2025-06-14', NULL, NULL),
(38, 1, 9, 'Electricity Bill', NULL, 'Expense', 900.00, '2025-06-18', NULL, NULL),
(39, 1, 1, 'Freelance Income 6', 'Sample entry 6', 'Income', 1000.00, '2025-06-28', 'Bank', NULL),
(40, 1, 1, 'Freelance Income 5', 'Sample entry 5', 'Income', 1500.00, '2025-06-29', 'UPI', NULL),
(41, 1, 1, 'Freelance Income 4', 'Sample entry 4', 'Income', 0.00, '2025-06-30', 'Cash', NULL),
(42, 1, 1, 'Freelance Income 3', 'Sample entry 3', 'Income', 2000.00, '2025-07-01', 'Bank', NULL),
(43, 1, 1, 'Freelance Income 2', 'Sample entry 2', 'Income', 0.00, '2025-07-02', 'UPI', NULL),
(44, 1, 1, 'Freelance Income 1', 'Sample entry 1', 'Income', 500.00, '2025-07-03', 'Cash', NULL),
(45, 1, 1, 'Freelance Income 0', 'Sample entry 0', 'Income', 1200.00, '2025-07-04', 'Bank', NULL),
(46, 1, 3, 'Lunch at Café', 'Quick lunch with team', 'Expense', 450.00, '2025-07-05', 'UPI', NULL),
(47, 1, 3, 'Freelance', 'from web', 'Income', 450.00, '2025-07-05', 'UPI', NULL),
(48, 1, 1, 'July Salary', 'Monthly salary credited', 'Income', 50000.00, '2025-07-01', 'Bank Transfer', NULL),
(49, 1, 6, 'Flat Rent', 'Monthly apartment rent payment', 'Expense', 15000.00, '2025-07-02', 'UPI', NULL),
(50, 1, 2, 'Groceries', 'Weekly grocery shopping', 'Expense', 4200.00, '2025-07-03', 'Card', NULL),
(51, 1, 3, 'Electricity Bill', 'Monthly electricity charges', 'Expense', 2200.00, '2025-07-04', 'Bank', NULL),
(52, 1, 4, 'Fuel', 'Petrol for bike', 'Expense', 50000.00, '2025-07-04', 'Cash', NULL),
(54, 1, 7, 'Dinner', 'Dinner at restaurant', 'Expense', 250.00, '2025-07-07', 'UPI', NULL),
(55, 1, 10, 'Game Purchase', 'Bought Elden Ring on Steam', 'Expense', 3000.00, '2025-07-07', 'Card', NULL),
(56, 1, 9, 'Mouse', 'Bought wireless mouse from Amazon', 'Expense', 750.00, '2025-07-07', 'UPI', NULL),
(57, 1, 10, 'Netflix Subscription', 'Monthly Netflix premium plan', 'Expense', 10000.00, '2025-07-07', 'Auto-Debit', NULL),
(58, 1, 10, 'Atomic Habits Book', 'Purchased a self-improvement book from Flipkart', 'Expense', 1000.00, '2025-07-08', 'Credit Card', NULL),
(59, 1, 10, 'Alchemist Book', 'Purchased a self-improvement book from Flipkart', 'Expense', 1000.00, '2025-07-08', 'Credit Card', NULL),
(60, 1, 10, 'Call of Duty Modern Warfare', 'Purchased a video game', 'Expense', 1000.00, '2025-07-08', 'Credit Card', NULL),
(61, 9, 10, 'Netflix Subscription', 'Monthly Netflix premium plan', 'Expense', 649.00, '2025-07-09', 'Auto-Debit', NULL),
(62, 9, 1, 'Salary', 'Monthly salary credited', 'Income', 1000.00, '2025-07-09', 'Bank Transfer', NULL),
(63, 9, 10, 'Atomic Habits Book', 'Purchased a self-improvement book from Flipkart', 'Expense', 499.00, '2025-07-09', 'Credit Card', NULL),
(67, 1, 10, 'Amazon Prime Subscription', 'Monthly plan', 'Expense', 1000.00, '2025-07-11', 'UPI', NULL),
(68, 1, 7, 'pizzaaaa', 'pizza 2', 'Expense', 1000.00, '2025-07-14', 'Cash', NULL),
(69, 1, 2, 'freelance', 'this is a pdf receipt', 'Income', 10000.00, '2025-07-14', 'UPI', NULL),
(70, 1, 2, 'freelance2', 'this is a pdf receipt', 'Income', 10000.00, '2025-07-14', 'UPI', NULL),
(71, 1, 8, 'Uber', '', 'Expense', 100.00, '2025-07-14', 'Cash', NULL),
(72, 1, 8, 'Uber', 'awr', 'Expense', 100.00, '2025-07-14', 'Cash', NULL),
(73, 1, 8, 'Uber', 'awr', 'Expense', 100.00, '2025-07-14', 'Cash', NULL),
(74, 1, 12, 'Uber', 'stocks', 'Income', 1000.00, '2025-07-14', 'Card', NULL),
(75, 1, 12, 'Tata', 'stocks', 'Income', 100.00, '2025-07-14', 'Card', NULL),
(76, 1, 7, 'burger', '', 'Expense', 1000.00, '2025-07-15', 'UPI', NULL),
(77, 1, 9, 'detergent', '', 'Expense', 1000.00, '2025-07-15', 'UPI', NULL),
(78, 1, 9, 'detergent', '', 'Expense', 1000.00, '2025-07-02', 'UPI', NULL),
(79, 1, 9, 'detergent_45', '', 'Expense', 1000.00, '2025-07-02', 'UPI', NULL),
(80, 1, 10, 'test1', '', 'Expense', 150.00, '2025-07-16', 'Cash', NULL),
(82, 1, 7, 'test3', '', 'Expense', 100.00, '2025-07-17', 'Cash', NULL),
(84, 1, 11, 'test1', '', 'Expense', 100.00, '2025-07-17', 'Cash', NULL),
(87, 1, 2, 'test9', '', 'Income', 100.00, '2025-07-17', 'UPI', NULL),
(90, 1, 8, 'Uber', 'with an uploaded receipt', 'Expense', 100.00, '2025-07-19', 'UPI', 0xffd8ffe000104a46494600010100000100010000ffdb008400090607080706090807080a0a090b0d160f0d0c0c0d1b14151016201d2222201d1f1f2428342c242631271f1f2d3d2d3135373a3a3a232b3f443f384334393a37010a0a0a0d0c0d1a0f0f1a37251f253737373737373737373737373737373737373737373737373737373737373737373737373737373737373737373737373737ffc0001108009400a603012200021101031101ffc4001b00000203010101000000000000000000000304000102050607ffc4003c1000020102040206070606020300000000010200031104122131134105225161718114233291a1b1c10633426272f024344352d1e1c2f11516b2ffc40014010100000000000000000000000000000000ffc40014110100000000000000000000000000000000ffda000c03010002110311003f00f62890c8b2d161917ba0522c32acb4585558195585148f619617433a34d3aabe1039e291ec336299ec33a2294d0a5039dc33d865f0cf619d2e14be1c0e6708f619384dfda7b675053b4bcb0393c1636ea9d45e5701cdac8daea349d9cba4b0a2070fd1ea35ac8c6fb69bcc7a3d46cb6a6c735eda6f3d0da41a6d03cc3d26500b2900ed7e702c93afd366f5f0cbda8fff0019cf6580932c0bac75d7ba05d6024c9243b2eb2a0328b0c8b2916191605a2c32ac8ab0a8b028268674292f5478455563b4fd853dd036ab37a099060abe1a9567cee0936b68c469fb303998e5e97f4cc48c1b370db8469b305ca9674ce2d7bb02b98f2236ecb0153a70d5c3f11dcf596e53204b719b3e6075b70f2e5b79f6cec0c15116b661df7edb7f88bb8714d69b61ea902daa9dee3e9a405e850e974e88c79ad882717512a7a300149a6d63975b5b7b691673f68556c8b9da9e273160c8054a488a328ef76cc795ac45f69d1ad469866cb44b003fb8f637f9f8c0b866a858d17d77b35adaebff00d37ba028ebd3e31756cedc0152b321ea6aa55c20f22aa6ff009fb8ceb745b575e8ea031ac4e202fac2d606fe4488a61cdf3de93d22ca2e4b5c9bff0089acb4c2b2804026ff000b7ca074f882d28d4139a2ae44545bd94003c04c9c41815d2ee1b1b8403fb5ff00e300cb0588a86a63b0bdd9be91a6580a32c0bac719601d6028cb242b2c900e821916650432081a45864132a219040816334beed3c04101a1f09ba27d52780813895429f522f66d338e5b7bfe12cd4ab72385a5d45f30e7bfbbe3352ee6008d5ad6d28dcd9bf18e5b7bfe128bd5bdb87a5c6b9f91dcc988a6d5026522c1816172330fdfca29e8d892d76c56b73a81da6fa0d7febca0159eb65fb904e526d9c6e361e7f08366ab72052b8b817cdcada983af85ad529d355c53065a4e85b6ccc45831f0986c355cd98d5d388adb9bd82dadefd7681a77ad6bf07f0936ce37bedfee659aa66b70f4cd6be6e56dfdfa4c2e15d0ddeb331cca7736d0007eb0e45a02acf56c7d4eb949b671bdf692ec4b065b007437de1cc1980b117c761bc4ce93088017c761bc4ce9b080ab2c0bac69840b880ab0950ac24804410e820d043a0804410aa265042a88176b299544fa843f944db7ddb1ec04c1d0d70c9bfb036f081cf4c506a6a6a745575254dc64bdb35c91dbc872e708f8854ac10e02a963d604269d5bd89f769e2245742b7e2e2f96ddd63cbb6d6f846b0800a245eb7b5fd5373a69fee02b46a25574a6dd1f55330652ccb602e031f79d3c4468d1a77bf0d6f9836dcc6dee85332602ed87a245b84b6b32edc9b53f1996a34f366e1adee189b731a030e661a02c70f472951496c41523b8ea44a346966cdc35be60db73b5afee872264881cdac02563457025e90a7ed8b58df35d6dbfe1f8897877cf52a0186a94af6259c5b31dbdfa472a8191efb58ded034ac5ae2f7c8b7b9f1f8c09457363a8f706fa4e9308ae152f8907b10fd238e202ee201c465840b880b30d654db89201121d20521d0402a432412432c095b4a2e7f29f94150fe5937f606de1098836c3553f90c1e1ff0096a5ad8e41f28088a88a9fcd55b2a83a6b61a1dfce11ebd3b8f5f57aba1d3dab66d7e07e10829e2140b6309b585ca8d8117fafbe584af940f4a208b0f617f7d9ee802078eec13155839bf540f641bfefca334d4a2d8b16d49b93df0417105471312058b13940d45f4ff1e70880aa2abbe760002c799816664cb245b5239f3ecde5122f6beb0333244d1237b890daf6beb003534527bb90bc5b0c433001ea37aa43d71fbd7b638e01523358db707683a68eadd6a85baa011de39c036107ae6fd318682c28f5a7c219a001e01e30f02f0176925bef240da43a45d21d201d61520521920631a6d83ac7f2199a048c3d3b6b6416f749d206d81adfa6551fe553500e41bf840e59e96c0261d5f1141a91295185334c31ca3316d469ae46f1b439c7e0bd20505a77ad9e9e65296b5fd93e23b3949ed9040c25d16cacca0b0b8b9ecd0de334a9e1037a8a5403687a8abcb6dbb206cd0a56b1a496b116cbdbbfbe434a9e6bf0d6f7076e636849460078146d6e125ac56d9791dc79c9c2a772722dee1af6e63630924011a146c47092c415b651b1dc7849c2a79b370d6f9b35edced6bc2ca81c96c760d2bae1aa618a3355343aca32dbabf02596de31ac3d7a6f8cc561d69147a795893a71011b8eed2d7ee85c4d0575565a74b32b66cce80db4b13b6f6d263074d15d9905105e9a1634d402da68741aff00d6d01ba02d53ca11a6690b3f94d3400bc0bc33c03c00bef248d240b430e862c861d0c0612190c5d0c321802e9436c0d4ef9aa1ae1e9f3ea0f940f4b37f02f0b408f46a77361906bd9a400945dfd109281ad7cb7d34037e6369749128b31a58722e40b8b6c77e7a01d9134a80d314fd331198a80014eb0361bdf5bebf1ee85a9884cf9862582df4554efb7cc1f7c06b8b52d7341f663baf2db9f39388d7b705f702f71cf9efca017114e8214a8ececa48cd6dceff00587a3552b2074bd89e62d0326a3dafc07be5636b8dc6c37e7ca6b3b662384d6cc05ee36237df96d372c401711f2df80f7ca4dae371cb7e7359db3e5e137b405ee36b6fbedca6ec48b03698a95053c81998e7600585f5815c472bf70e4e526d71dbb6fbcd5245563969e40b655371a8b7280ab8946a6deb19737e5db63cbc66f06cad52a5ab557d367d9753b7bfe50181a3f948d2db46f29863006e601e15cc0b9802692618eb240b430c862a86190c0694c3298b218553003d30dfc178b4670ffcbd2bff0060f9443a69bf8551f9a374988c352fd03e50324d51f86906b36c4efcbfdccb55a80ed4ed716d4edcff00d4c5473780663019156ad8fdd6c7727cbe1bcbe2d5bff4ad98733b738a063e714ab81a8ed50a632b520e1bd9e57bea2fd97f840eb712bdb414b359b99dff000ffb840d5736829e5b8b6a76b6be779c8a7d1f5c56e21c7563d7a6c52da754104781fa43d4c054a8c597175943673bfb3980dbe3ef81d006be52470b36536d4dafcbcad080d52daf0cae7ed37cb6f9de2f85a4f443712ab547637248e76e51917f0f18143d232ff4b3653ccefcbcad0c99eed9b2dafd5b5f6eff00394b36200eb1b3afe93f4826337883eb13f49fa40b98187302e66dcc03b40c3192618c903286190c511a1d5a034ad0c8d1546855680b74db7a8a63b5a74290be1697e81f29c8e9b6f57487799daa0b7c25136fc03e5014a83589f485d70c594907326a0fe613a5513581ab443a10c010791103e558ee91c72e1fa032e37123888b9ed55866f58fbebaec2193a471c3ed19a7e9b89e1ffe63034f2f15ad9583dc5afb1b0d27d0dba13a35c520fd1f8665a3a530690ea6b7d3b3527df363a17a378bc6ff00c7e1b8bc45ab9f842f9d6f95afda2e6c7be07cedfa471dff00ad62aafa6e27883195143715ae00a9485af7db53ef9d2fb4d8ec651fb4381a74b175d11b104155aa4022f3db0e85e8d344d13d1f86e1331629c216249049b7881ee85abd1380af552b57c150a9510dd5da98241ee303e7ff00677a431b53a399aa63310e7d1aa1bb5563ad97be75fec86331559ba278d89ad53397cd9ea139bd5b1d7ce7aaa5d13d1d453252c061d56c572ad20058ee3e50b87e8ec1e1b87e8f85a34b877c99100cba58dbcaf01b1360c1c99a00f147d6d3fd27e917669bc535ead3fd27e900c60659a05ccb76817681963241b36b240ca1864324900c86194e9249039dd3275a23c6757d32a52a6c8a16d4b08aeb71cf49248155314f9d8055d30e2a6dce64d762068bf739f6e7249034b558db45d6967db9cd0acd65d07dd17f39524022d66bd2161d6a658f8c895ddb87703ad4cb1d398924811310ecf4410b67a658e9ce553c4bb1a170bd756274ec924819a58ba8fe8f7cbeb0316d3b20e9632a39c35c2fadcf9ac3b24920652b356a54ea3db3156dbc653132a48026302e65c9000c6492481fffd9),
(92, 1, 2, 'test12', '', 'Income', 1000.00, '2025-07-19', 'UPI', NULL),
(93, 1, 4, 'test13', 'receipt 2', 'Income', 1000.00, '2025-07-19', 'Credit Card', 0xffd8ffe000104a46494600010100000100010000ffdb008400090607080706090807080a0a090b0d160f0d0c0c0d1b14151016201d2222201d1f1f2428342c242631271f1f2d3d2d3135373a3a3a232b3f443f384334393a37010a0a0a0d0c0d1a0f0f1a37251f253737373737373737373737373737373737373737373737373737373737373737373737373737373737373737373737373737ffc0001108009400a603012200021101031101ffc4001b00000203010101000000000000000000000304000102050607ffc4003c1000020102040206070606020300000000010200031104122131134105225161718114233291a1b1c10633426272f024344352d1e1c2f11516b2ffc40014010100000000000000000000000000000000ffc40014110100000000000000000000000000000000ffda000c03010002110311003f00f62890c8b2d161917ba0522c32acb4585558195585148f619617433a34d3aabe1039e291ec336299ec33a2294d0a5039dc33d865f0cf619d2e14be1c0e6708f619384dfda7b675053b4bcb0393c1636ea9d45e5701cdac8daea349d9cba4b0a2070fd1ea35ac8c6fb69bcc7a3d46cb6a6c735eda6f3d0da41a6d03cc3d26500b2900ed7e702c93afd366f5f0cbda8fff0019cf6580932c0bac75d7ba05d6024c9243b2eb2a0328b0c8b2916191605a2c32ac8ab0a8b028268674292f5478455563b4fd853dd036ab37a099060abe1a9567cee0936b68c469fb303998e5e97f4cc48c1b370db8469b305ca9674ce2d7bb02b98f2236ecb0153a70d5c3f11dcf596e53204b719b3e6075b70f2e5b79f6cec0c15116b661df7edb7f88bb8714d69b61ea902daa9dee3e9a405e850e974e88c79ad882717512a7a300149a6d63975b5b7b691673f68556c8b9da9e273160c8054a488a328ef76cc795ac45f69d1ad469866cb44b003fb8f637f9f8c0b866a858d17d77b35adaebff00d37ba028ebd3e31756cedc0152b321ea6aa55c20f22aa6ff009fb8ceb745b575e8ea031ac4e202fac2d606fe4488a61cdf3de93d22ca2e4b5c9bff0089acb4c2b2804026ff000b7ca074f882d28d4139a2ae44545bd94003c04c9c41815d2ee1b1b8403fb5ff00e300cb0588a86a63b0bdd9be91a6580a32c0bac719601d6028cb242b2c900e821916650432081a45864132a219040816334beed3c04101a1f09ba27d52780813895429f522f66d338e5b7bfe12cd4ab72385a5d45f30e7bfbbe3352ee6008d5ad6d28dcd9bf18e5b7bfe128bd5bdb87a5c6b9f91dcc988a6d5026522c1816172330fdfca29e8d892d76c56b73a81da6fa0d7febca0159eb65fb904e526d9c6e361e7f08366ab72052b8b817cdcada983af85ad529d355c53065a4e85b6ccc45831f0986c355cd98d5d388adb9bd82dadefd7681a77ad6bf07f0936ce37bedfee659aa66b70f4cd6be6e56dfdfa4c2e15d0ddeb331cca7736d0007eb0e45a02acf56c7d4eb949b671bdf692ec4b065b007437de1cc1980b117c761bc4ce93088017c761bc4ce9b080ab2c0bac69840b880ab0950ac24804410e820d043a0804410aa265042a88176b299544fa843f944db7ddb1ec04c1d0d70c9bfb036f081cf4c506a6a6a745575254dc64bdb35c91dbc872e708f8854ac10e02a963d604269d5bd89f769e2245742b7e2e2f96ddd63cbb6d6f846b0800a245eb7b5fd5373a69fee02b46a25574a6dd1f55330652ccb602e031f79d3c4468d1a77bf0d6f9836dcc6dee85332602ed87a245b84b6b32edc9b53f1996a34f366e1adee189b731a030e661a02c70f472951496c41523b8ea44a346966cdc35be60db73b5afee872264881cdac02563457025e90a7ed8b58df35d6dbfe1f8897877cf52a0186a94af6259c5b31dbdfa472a8191efb58ded034ac5ae2f7c8b7b9f1f8c09457363a8f706fa4e9308ae152f8907b10fd238e202ee201c465840b880b30d654db89201121d20521d0402a432412432c095b4a2e7f29f94150fe5937f606de1098836c3553f90c1e1ff0096a5ad8e41f28088a88a9fcd55b2a83a6b61a1dfce11ebd3b8f5f57aba1d3dab66d7e07e10829e2140b6309b585ca8d8117fafbe584af940f4a208b0f617f7d9ee802078eec13155839bf540f641bfefca334d4a2d8b16d49b93df0417105471312058b13940d45f4ff1e70880aa2abbe760002c799816664cb245b5239f3ecde5122f6beb0333244d1237b890daf6beb003534527bb90bc5b0c433001ea37aa43d71fbd7b638e01523358db707683a68eadd6a85baa011de39c036107ae6fd318682c28f5a7c219a001e01e30f02f0176925bef240da43a45d21d201d61520521920631a6d83ac7f2199a048c3d3b6b6416f749d206d81adfa6551fe553500e41bf840e59e96c0261d5f1141a91295185334c31ca3316d469ae46f1b439c7e0bd20505a77ad9e9e65296b5fd93e23b3949ed9040c25d16cacca0b0b8b9ecd0de334a9e1037a8a5403687a8abcb6dbb206cd0a56b1a496b116cbdbbfbe434a9e6bf0d6f7076e636849460078146d6e125ac56d9791dc79c9c2a772722dee1af6e63630924011a146c47092c415b651b1dc7849c2a79b370d6f9b35edced6bc2ca81c96c760d2bae1aa618a3355343aca32dbabf02596de31ac3d7a6f8cc561d69147a795893a71011b8eed2d7ee85c4d0575565a74b32b66cce80db4b13b6f6d263074d15d9905105e9a1634d402da68741aff00d6d01ba02d53ca11a6690b3f94d3400bc0bc33c03c00bef248d240b430e862c861d0c0612190c5d0c321802e9436c0d4ef9aa1ae1e9f3ea0f940f4b37f02f0b408f46a77361906bd9a400945dfd109281ad7cb7d34037e6369749128b31a58722e40b8b6c77e7a01d9134a80d314fd331198a80014eb0361bdf5bebf1ee85a9884cf9862582df4554efb7cc1f7c06b8b52d7341f663baf2db9f39388d7b705f702f71cf9efca017114e8214a8ececa48cd6dceff00587a3552b2074bd89e62d0326a3dafc07be5636b8dc6c37e7ca6b3b662384d6cc05ee36237df96d372c401711f2df80f7ca4dae371cb7e7359db3e5e137b405ee36b6fbedca6ec48b03698a95053c81998e7600585f5815c472bf70e4e526d71dbb6fbcd5245563969e40b655371a8b7280ab8946a6deb19737e5db63cbc66f06cad52a5ab557d367d9753b7bfe50181a3f948d2db46f29863006e601e15cc0b9802692618eb240b430c862a86190c0694c3298b218553003d30dfc178b4670ffcbd2bff0060f9443a69bf8551f9a374988c352fd03e50324d51f86906b36c4efcbfdccb55a80ed4ed716d4edcff00d4c5473780663019156ad8fdd6c7727cbe1bcbe2d5bff4ad98733b738a063e714ab81a8ed50a632b520e1bd9e57bea2fd97f840eb712bdb414b359b99dff000ffb840d5736829e5b8b6a76b6be779c8a7d1f5c56e21c7563d7a6c52da754104781fa43d4c054a8c597175943673bfb3980dbe3ef81d006be52470b36536d4dafcbcad080d52daf0cae7ed37cb6f9de2f85a4f443712ab547637248e76e51917f0f18143d232ff4b3653ccefcbcad0c99eed9b2dafd5b5f6eff00394b36200eb1b3afe93f4826337883eb13f49fa40b98187302e66dcc03b40c3192618c903286190c511a1d5a034ad0c8d1546855680b74db7a8a63b5a74290be1697e81f29c8e9b6f57487799daa0b7c25136fc03e5014a83589f485d70c594907326a0fe613a5513581ab443a10c010791103e558ee91c72e1fa032e37123888b9ed55866f58fbebaec2193a471c3ed19a7e9b89e1ffe63034f2f15ad9583dc5afb1b0d27d0dba13a35c520fd1f8665a3a530690ea6b7d3b3527df363a17a378bc6ff00c7e1b8bc45ab9f842f9d6f95afda2e6c7be07cedfa471dff00ad62aafa6e27883195143715ae00a9485af7db53ef9d2fb4d8ec651fb4381a74b175d11b104155aa4022f3db0e85e8d344d13d1f86e1331629c216249049b7881ee85abd1380af552b57c150a9510dd5da98241ee303e7ff00677a431b53a399aa63310e7d1aa1bb5563ad97be75fec86331559ba278d89ad53397cd9ea139bd5b1d7ce7aaa5d13d1d453252c061d56c572ad20058ee3e50b87e8ec1e1b87e8f85a34b877c99100cba58dbcaf01b1360c1c99a00f147d6d3fd27e917669bc535ead3fd27e900c60659a05ccb76817681963241b36b240ca1864324900c86194e9249039dd3275a23c6757d32a52a6c8a16d4b08aeb71cf49248155314f9d8055d30e2a6dce64d762068bf739f6e7249034b558db45d6967db9cd0acd65d07dd17f39524022d66bd2161d6a658f8c895ddb87703ad4cb1d398924811310ecf4410b67a658e9ce553c4bb1a170bd756274ec924819a58ba8fe8f7cbeb0316d3b20e9632a39c35c2fadcf9ac3b24920652b356a54ea3db3156dbc653132a48026302e65c9000c6492481fffd9),
(95, 1, 2, 'test15', '', 'Income', 1000.00, '2025-07-19', 'Credit Card', NULL),
(96, 1, 1, 'July- Salary', 'July Salary, Receipt attached', 'Income', 50000.00, '2025-07-19', 'Credit Card', 0xffd8ffe000104a46494600010100000100010000ffdb008400090607080706090807080a0a090b0d160f0d0c0c0d1b14151016201d2222201d1f1f2428342c242631271f1f2d3d2d3135373a3a3a232b3f443f384334393a37010a0a0a0d0c0d1a0f0f1a37251f253737373737373737373737373737373737373737373737373737373737373737373737373737373737373737373737373737ffc0001108009400a603012200021101031101ffc4001b00000203010101000000000000000000000304000102050607ffc4003c1000020102040206070606020300000000010200031104122131134105225161718114233291a1b1c10633426272f024344352d1e1c2f11516b2ffc40014010100000000000000000000000000000000ffc40014110100000000000000000000000000000000ffda000c03010002110311003f00f62890c8b2d161917ba0522c32acb4585558195585148f619617433a34d3aabe1039e291ec336299ec33a2294d0a5039dc33d865f0cf619d2e14be1c0e6708f619384dfda7b675053b4bcb0393c1636ea9d45e5701cdac8daea349d9cba4b0a2070fd1ea35ac8c6fb69bcc7a3d46cb6a6c735eda6f3d0da41a6d03cc3d26500b2900ed7e702c93afd366f5f0cbda8fff0019cf6580932c0bac75d7ba05d6024c9243b2eb2a0328b0c8b2916191605a2c32ac8ab0a8b028268674292f5478455563b4fd853dd036ab37a099060abe1a9567cee0936b68c469fb303998e5e97f4cc48c1b370db8469b305ca9674ce2d7bb02b98f2236ecb0153a70d5c3f11dcf596e53204b719b3e6075b70f2e5b79f6cec0c15116b661df7edb7f88bb8714d69b61ea902daa9dee3e9a405e850e974e88c79ad882717512a7a300149a6d63975b5b7b691673f68556c8b9da9e273160c8054a488a328ef76cc795ac45f69d1ad469866cb44b003fb8f637f9f8c0b866a858d17d77b35adaebff00d37ba028ebd3e31756cedc0152b321ea6aa55c20f22aa6ff009fb8ceb745b575e8ea031ac4e202fac2d606fe4488a61cdf3de93d22ca2e4b5c9bff0089acb4c2b2804026ff000b7ca074f882d28d4139a2ae44545bd94003c04c9c41815d2ee1b1b8403fb5ff00e300cb0588a86a63b0bdd9be91a6580a32c0bac719601d6028cb242b2c900e821916650432081a45864132a219040816334beed3c04101a1f09ba27d52780813895429f522f66d338e5b7bfe12cd4ab72385a5d45f30e7bfbbe3352ee6008d5ad6d28dcd9bf18e5b7bfe128bd5bdb87a5c6b9f91dcc988a6d5026522c1816172330fdfca29e8d892d76c56b73a81da6fa0d7febca0159eb65fb904e526d9c6e361e7f08366ab72052b8b817cdcada983af85ad529d355c53065a4e85b6ccc45831f0986c355cd98d5d388adb9bd82dadefd7681a77ad6bf07f0936ce37bedfee659aa66b70f4cd6be6e56dfdfa4c2e15d0ddeb331cca7736d0007eb0e45a02acf56c7d4eb949b671bdf692ec4b065b007437de1cc1980b117c761bc4ce93088017c761bc4ce9b080ab2c0bac69840b880ab0950ac24804410e820d043a0804410aa265042a88176b299544fa843f944db7ddb1ec04c1d0d70c9bfb036f081cf4c506a6a6a745575254dc64bdb35c91dbc872e708f8854ac10e02a963d604269d5bd89f769e2245742b7e2e2f96ddd63cbb6d6f846b0800a245eb7b5fd5373a69fee02b46a25574a6dd1f55330652ccb602e031f79d3c4468d1a77bf0d6f9836dcc6dee85332602ed87a245b84b6b32edc9b53f1996a34f366e1adee189b731a030e661a02c70f472951496c41523b8ea44a346966cdc35be60db73b5afee872264881cdac02563457025e90a7ed8b58df35d6dbfe1f8897877cf52a0186a94af6259c5b31dbdfa472a8191efb58ded034ac5ae2f7c8b7b9f1f8c09457363a8f706fa4e9308ae152f8907b10fd238e202ee201c465840b880b30d654db89201121d20521d0402a432412432c095b4a2e7f29f94150fe5937f606de1098836c3553f90c1e1ff0096a5ad8e41f28088a88a9fcd55b2a83a6b61a1dfce11ebd3b8f5f57aba1d3dab66d7e07e10829e2140b6309b585ca8d8117fafbe584af940f4a208b0f617f7d9ee802078eec13155839bf540f641bfefca334d4a2d8b16d49b93df0417105471312058b13940d45f4ff1e70880aa2abbe760002c799816664cb245b5239f3ecde5122f6beb0333244d1237b890daf6beb003534527bb90bc5b0c433001ea37aa43d71fbd7b638e01523358db707683a68eadd6a85baa011de39c036107ae6fd318682c28f5a7c219a001e01e30f02f0176925bef240da43a45d21d201d61520521920631a6d83ac7f2199a048c3d3b6b6416f749d206d81adfa6551fe553500e41bf840e59e96c0261d5f1141a91295185334c31ca3316d469ae46f1b439c7e0bd20505a77ad9e9e65296b5fd93e23b3949ed9040c25d16cacca0b0b8b9ecd0de334a9e1037a8a5403687a8abcb6dbb206cd0a56b1a496b116cbdbbfbe434a9e6bf0d6f7076e636849460078146d6e125ac56d9791dc79c9c2a772722dee1af6e63630924011a146c47092c415b651b1dc7849c2a79b370d6f9b35edced6bc2ca81c96c760d2bae1aa618a3355343aca32dbabf02596de31ac3d7a6f8cc561d69147a795893a71011b8eed2d7ee85c4d0575565a74b32b66cce80db4b13b6f6d263074d15d9905105e9a1634d402da68741aff00d6d01ba02d53ca11a6690b3f94d3400bc0bc33c03c00bef248d240b430e862c861d0c0612190c5d0c321802e9436c0d4ef9aa1ae1e9f3ea0f940f4b37f02f0b408f46a77361906bd9a400945dfd109281ad7cb7d34037e6369749128b31a58722e40b8b6c77e7a01d9134a80d314fd331198a80014eb0361bdf5bebf1ee85a9884cf9862582df4554efb7cc1f7c06b8b52d7341f663baf2db9f39388d7b705f702f71cf9efca017114e8214a8ececa48cd6dceff00587a3552b2074bd89e62d0326a3dafc07be5636b8dc6c37e7ca6b3b662384d6cc05ee36237df96d372c401711f2df80f7ca4dae371cb7e7359db3e5e137b405ee36b6fbedca6ec48b03698a95053c81998e7600585f5815c472bf70e4e526d71dbb6fbcd5245563969e40b655371a8b7280ab8946a6deb19737e5db63cbc66f06cad52a5ab557d367d9753b7bfe50181a3f948d2db46f29863006e601e15cc0b9802692618eb240b430c862a86190c0694c3298b218553003d30dfc178b4670ffcbd2bff0060f9443a69bf8551f9a374988c352fd03e50324d51f86906b36c4efcbfdccb55a80ed4ed716d4edcff00d4c5473780663019156ad8fdd6c7727cbe1bcbe2d5bff4ad98733b738a063e714ab81a8ed50a632b520e1bd9e57bea2fd97f840eb712bdb414b359b99dff000ffb840d5736829e5b8b6a76b6be779c8a7d1f5c56e21c7563d7a6c52da754104781fa43d4c054a8c597175943673bfb3980dbe3ef81d006be52470b36536d4dafcbcad080d52daf0cae7ed37cb6f9de2f85a4f443712ab547637248e76e51917f0f18143d232ff4b3653ccefcbcad0c99eed9b2dafd5b5f6eff00394b36200eb1b3afe93f4826337883eb13f49fa40b98187302e66dcc03b40c3192618c903286190c511a1d5a034ad0c8d1546855680b74db7a8a63b5a74290be1697e81f29c8e9b6f57487799daa0b7c25136fc03e5014a83589f485d70c594907326a0fe613a5513581ab443a10c010791103e558ee91c72e1fa032e37123888b9ed55866f58fbebaec2193a471c3ed19a7e9b89e1ffe63034f2f15ad9583dc5afb1b0d27d0dba13a35c520fd1f8665a3a530690ea6b7d3b3527df363a17a378bc6ff00c7e1b8bc45ab9f842f9d6f95afda2e6c7be07cedfa471dff00ad62aafa6e27883195143715ae00a9485af7db53ef9d2fb4d8ec651fb4381a74b175d11b104155aa4022f3db0e85e8d344d13d1f86e1331629c216249049b7881ee85abd1380af552b57c150a9510dd5da98241ee303e7ff00677a431b53a399aa63310e7d1aa1bb5563ad97be75fec86331559ba278d89ad53397cd9ea139bd5b1d7ce7aaa5d13d1d453252c061d56c572ad20058ee3e50b87e8ec1e1b87e8f85a34b877c99100cba58dbcaf01b1360c1c99a00f147d6d3fd27e917669bc535ead3fd27e900c60659a05ccb76817681963241b36b240ca1864324900c86194e9249039dd3275a23c6757d32a52a6c8a16d4b08aeb71cf49248155314f9d8055d30e2a6dce64d762068bf739f6e7249034b558db45d6967db9cd0acd65d07dd17f39524022d66bd2161d6a658f8c895ddb87703ad4cb1d398924811310ecf4410b67a658e9ce553c4bb1a170bd756274ec924819a58ba8fe8f7cbeb0316d3b20e9632a39c35c2fadcf9ac3b24920652b356a54ea3db3156dbc653132a48026302e65c9000c6492481fffd9),
(99, 18, 1, 'Salary', '', 'Income', 50000.00, '2025-07-19', 'Debit Card', NULL),
(100, 18, 9, 'test1', 'this is desc', 'Income', 1000.00, '2025-07-19', 'Card', 0xffd8ffe000104a46494600010100000100010000ffdb008400090607080706090807080a0a090b0d160f0d0c0c0d1b14151016201d2222201d1f1f2428342c242631271f1f2d3d2d3135373a3a3a232b3f443f384334393a37010a0a0a0d0c0d1a0f0f1a37251f253737373737373737373737373737373737373737373737373737373737373737373737373737373737373737373737373737ffc0001108009400a603012200021101031101ffc4001b00000203010101000000000000000000000304000102050607ffc4003c1000020102040206070606020300000000010200031104122131134105225161718114233291a1b1c10633426272f024344352d1e1c2f11516b2ffc40014010100000000000000000000000000000000ffc40014110100000000000000000000000000000000ffda000c03010002110311003f00f62890c8b2d161917ba0522c32acb4585558195585148f619617433a34d3aabe1039e291ec336299ec33a2294d0a5039dc33d865f0cf619d2e14be1c0e6708f619384dfda7b675053b4bcb0393c1636ea9d45e5701cdac8daea349d9cba4b0a2070fd1ea35ac8c6fb69bcc7a3d46cb6a6c735eda6f3d0da41a6d03cc3d26500b2900ed7e702c93afd366f5f0cbda8fff0019cf6580932c0bac75d7ba05d6024c9243b2eb2a0328b0c8b2916191605a2c32ac8ab0a8b028268674292f5478455563b4fd853dd036ab37a099060abe1a9567cee0936b68c469fb303998e5e97f4cc48c1b370db8469b305ca9674ce2d7bb02b98f2236ecb0153a70d5c3f11dcf596e53204b719b3e6075b70f2e5b79f6cec0c15116b661df7edb7f88bb8714d69b61ea902daa9dee3e9a405e850e974e88c79ad882717512a7a300149a6d63975b5b7b691673f68556c8b9da9e273160c8054a488a328ef76cc795ac45f69d1ad469866cb44b003fb8f637f9f8c0b866a858d17d77b35adaebff00d37ba028ebd3e31756cedc0152b321ea6aa55c20f22aa6ff009fb8ceb745b575e8ea031ac4e202fac2d606fe4488a61cdf3de93d22ca2e4b5c9bff0089acb4c2b2804026ff000b7ca074f882d28d4139a2ae44545bd94003c04c9c41815d2ee1b1b8403fb5ff00e300cb0588a86a63b0bdd9be91a6580a32c0bac719601d6028cb242b2c900e821916650432081a45864132a219040816334beed3c04101a1f09ba27d52780813895429f522f66d338e5b7bfe12cd4ab72385a5d45f30e7bfbbe3352ee6008d5ad6d28dcd9bf18e5b7bfe128bd5bdb87a5c6b9f91dcc988a6d5026522c1816172330fdfca29e8d892d76c56b73a81da6fa0d7febca0159eb65fb904e526d9c6e361e7f08366ab72052b8b817cdcada983af85ad529d355c53065a4e85b6ccc45831f0986c355cd98d5d388adb9bd82dadefd7681a77ad6bf07f0936ce37bedfee659aa66b70f4cd6be6e56dfdfa4c2e15d0ddeb331cca7736d0007eb0e45a02acf56c7d4eb949b671bdf692ec4b065b007437de1cc1980b117c761bc4ce93088017c761bc4ce9b080ab2c0bac69840b880ab0950ac24804410e820d043a0804410aa265042a88176b299544fa843f944db7ddb1ec04c1d0d70c9bfb036f081cf4c506a6a6a745575254dc64bdb35c91dbc872e708f8854ac10e02a963d604269d5bd89f769e2245742b7e2e2f96ddd63cbb6d6f846b0800a245eb7b5fd5373a69fee02b46a25574a6dd1f55330652ccb602e031f79d3c4468d1a77bf0d6f9836dcc6dee85332602ed87a245b84b6b32edc9b53f1996a34f366e1adee189b731a030e661a02c70f472951496c41523b8ea44a346966cdc35be60db73b5afee872264881cdac02563457025e90a7ed8b58df35d6dbfe1f8897877cf52a0186a94af6259c5b31dbdfa472a8191efb58ded034ac5ae2f7c8b7b9f1f8c09457363a8f706fa4e9308ae152f8907b10fd238e202ee201c465840b880b30d654db89201121d20521d0402a432412432c095b4a2e7f29f94150fe5937f606de1098836c3553f90c1e1ff0096a5ad8e41f28088a88a9fcd55b2a83a6b61a1dfce11ebd3b8f5f57aba1d3dab66d7e07e10829e2140b6309b585ca8d8117fafbe584af940f4a208b0f617f7d9ee802078eec13155839bf540f641bfefca334d4a2d8b16d49b93df0417105471312058b13940d45f4ff1e70880aa2abbe760002c799816664cb245b5239f3ecde5122f6beb0333244d1237b890daf6beb003534527bb90bc5b0c433001ea37aa43d71fbd7b638e01523358db707683a68eadd6a85baa011de39c036107ae6fd318682c28f5a7c219a001e01e30f02f0176925bef240da43a45d21d201d61520521920631a6d83ac7f2199a048c3d3b6b6416f749d206d81adfa6551fe553500e41bf840e59e96c0261d5f1141a91295185334c31ca3316d469ae46f1b439c7e0bd20505a77ad9e9e65296b5fd93e23b3949ed9040c25d16cacca0b0b8b9ecd0de334a9e1037a8a5403687a8abcb6dbb206cd0a56b1a496b116cbdbbfbe434a9e6bf0d6f7076e636849460078146d6e125ac56d9791dc79c9c2a772722dee1af6e63630924011a146c47092c415b651b1dc7849c2a79b370d6f9b35edced6bc2ca81c96c760d2bae1aa618a3355343aca32dbabf02596de31ac3d7a6f8cc561d69147a795893a71011b8eed2d7ee85c4d0575565a74b32b66cce80db4b13b6f6d263074d15d9905105e9a1634d402da68741aff00d6d01ba02d53ca11a6690b3f94d3400bc0bc33c03c00bef248d240b430e862c861d0c0612190c5d0c321802e9436c0d4ef9aa1ae1e9f3ea0f940f4b37f02f0b408f46a77361906bd9a400945dfd109281ad7cb7d34037e6369749128b31a58722e40b8b6c77e7a01d9134a80d314fd331198a80014eb0361bdf5bebf1ee85a9884cf9862582df4554efb7cc1f7c06b8b52d7341f663baf2db9f39388d7b705f702f71cf9efca017114e8214a8ececa48cd6dceff00587a3552b2074bd89e62d0326a3dafc07be5636b8dc6c37e7ca6b3b662384d6cc05ee36237df96d372c401711f2df80f7ca4dae371cb7e7359db3e5e137b405ee36b6fbedca6ec48b03698a95053c81998e7600585f5815c472bf70e4e526d71dbb6fbcd5245563969e40b655371a8b7280ab8946a6deb19737e5db63cbc66f06cad52a5ab557d367d9753b7bfe50181a3f948d2db46f29863006e601e15cc0b9802692618eb240b430c862a86190c0694c3298b218553003d30dfc178b4670ffcbd2bff0060f9443a69bf8551f9a374988c352fd03e50324d51f86906b36c4efcbfdccb55a80ed4ed716d4edcff00d4c5473780663019156ad8fdd6c7727cbe1bcbe2d5bff4ad98733b738a063e714ab81a8ed50a632b520e1bd9e57bea2fd97f840eb712bdb414b359b99dff000ffb840d5736829e5b8b6a76b6be779c8a7d1f5c56e21c7563d7a6c52da754104781fa43d4c054a8c597175943673bfb3980dbe3ef81d006be52470b36536d4dafcbcad080d52daf0cae7ed37cb6f9de2f85a4f443712ab547637248e76e51917f0f18143d232ff4b3653ccefcbcad0c99eed9b2dafd5b5f6eff00394b36200eb1b3afe93f4826337883eb13f49fa40b98187302e66dcc03b40c3192618c903286190c511a1d5a034ad0c8d1546855680b74db7a8a63b5a74290be1697e81f29c8e9b6f57487799daa0b7c25136fc03e5014a83589f485d70c594907326a0fe613a5513581ab443a10c010791103e558ee91c72e1fa032e37123888b9ed55866f58fbebaec2193a471c3ed19a7e9b89e1ffe63034f2f15ad9583dc5afb1b0d27d0dba13a35c520fd1f8665a3a530690ea6b7d3b3527df363a17a378bc6ff00c7e1b8bc45ab9f842f9d6f95afda2e6c7be07cedfa471dff00ad62aafa6e27883195143715ae00a9485af7db53ef9d2fb4d8ec651fb4381a74b175d11b104155aa4022f3db0e85e8d344d13d1f86e1331629c216249049b7881ee85abd1380af552b57c150a9510dd5da98241ee303e7ff00677a431b53a399aa63310e7d1aa1bb5563ad97be75fec86331559ba278d89ad53397cd9ea139bd5b1d7ce7aaa5d13d1d453252c061d56c572ad20058ee3e50b87e8ec1e1b87e8f85a34b877c99100cba58dbcaf01b1360c1c99a00f147d6d3fd27e917669bc535ead3fd27e900c60659a05ccb76817681963241b36b240ca1864324900c86194e9249039dd3275a23c6757d32a52a6c8a16d4b08aeb71cf49248155314f9d8055d30e2a6dce64d762068bf739f6e7249034b558db45d6967db9cd0acd65d07dd17f39524022d66bd2161d6a658f8c895ddb87703ad4cb1d398924811310ecf4410b67a658e9ce553c4bb1a170bd756274ec924819a58ba8fe8f7cbeb0316d3b20e9632a39c35c2fadcf9ac3b24920652b356a54ea3db3156dbc653132a48026302e65c9000c6492481fffd9),
(104, 18, 8, 'test4', '', 'Income', 100.00, '2025-07-19', 'Card', NULL),
(105, 18, 4, 'test1', '', 'Income', 100.00, '2025-07-19', 'Cash', NULL);
INSERT INTO `transactions` (`id`, `user_id`, `category_id`, `item`, `description`, `type`, `amount`, `date`, `payment_method`, `receipt`) VALUES
(106, 18, 11, 'test6', 'this is a pdf receipt', 'Income', 100.00, '2025-07-19', 'UPI', 0x255044462d312e360d25e2e3cfd30d0a33372030206f626a0d3c3c2f4c696e656172697a656420312f4c2033323137322f4f2034312f452032333635362f4e20312f542033313337302f48205b2032333632203337335d3e3e0d656e646f626a0d20202020202020202020202020202020200d0a787265660d0a3337203130310d0a30303030303030303136203030303030206e0d0a30303030303032373335203030303030206e0d0a30303030303032383732203030303030206e0d0a30303030303033303039203030303030206e0d0a30303030303033323634203030303030206e0d0a30303030303033343130203030303030206e0d0a30303030303033393132203030303030206e0d0a30303030303034303535203030303030206e0d0a30303030303034333930203030303030206e0d0a30303030303034343830203030303030206e0d0a30303030303035363732203030303030206e0d0a30303030303035373930203030303030206e0d0a30303030303035393038203030303030206e0d0a30303030303036303333203030303030206e0d0a30303030303036313439203030303030206e0d0a30303030303036323637203030303030206e0d0a30303030303036333835203030303030206e0d0a30303030303036353034203030303030206e0d0a30303030303036363231203030303030206e0d0a30303030303036373339203030303030206e0d0a30303030303036383538203030303030206e0d0a30303030303036393737203030303030206e0d0a30303030303037313534203030303030206e0d0a30303030303037343438203030303030206e0d0a30303030303037353235203030303030206e0d0a30303030303037383634203030303030206e0d0a30303030303038303737203030303030206e0d0a30303030303038323631203030303030206e0d0a30303030303038353535203030303030206e0d0a30303030303038383934203030303030206e0d0a30303030303039313037203030303030206e0d0a30303030303039323930203030303030206e0d0a30303030303039353834203030303030206e0d0a30303030303039393233203030303030206e0d0a30303030303130313336203030303030206e0d0a30303030303130323535203030303030206e0d0a30303030303130333830203030303030206e0d0a30303030303130353038203030303030206e0d0a30303030303130363333203030303030206e0d0a30303030303130373531203030303030206e0d0a30303030303130383639203030303030206e0d0a30303030303130393837203030303030206e0d0a30303030303131313034203030303030206e0d0a30303030303131323232203030303030206e0d0a30303030303131333430203030303030206e0d0a30303030303131343538203030303030206e0d0a30303030303131353736203030303030206e0d0a30303030303131363933203030303030206e0d0a30303030303131383132203030303030206e0d0a30303030303131393331203030303030206e0d0a30303030303132303438203030303030206e0d0a30303030303132313636203030303030206e0d0a30303030303132323833203030303030206e0d0a30303030303132343032203030303030206e0d0a30303030303132353139203030303030206e0d0a30303030303132363337203030303030206e0d0a30303030303132373535203030303030206e0d0a30303030303132383733203030303030206e0d0a30303030303132393931203030303030206e0d0a30303030303133313038203030303030206e0d0a30303030303133323236203030303030206e0d0a30303030303133333434203030303030206e0d0a30303030303133343633203030303030206e0d0a30303030303133353832203030303030206e0d0a30303030303133373032203030303030206e0d0a30303030303133383232203030303030206e0d0a30303030303133393431203030303030206e0d0a30303030303134303631203030303030206e0d0a30303030303134323436203030303030206e0d0a30303030303134343331203030303030206e0d0a30303030303134363136203030303030206e0d0a30303030303134383031203030303030206e0d0a30303030303134393836203030303030206e0d0a30303030303135313731203030303030206e0d0a30303030303135333135203030303030206e0d0a30303030303135363531203030303030206e0d0a30303030303135373935203030303030206e0d0a30303030303136313331203030303030206e0d0a30303030303136323531203030303030206e0d0a30303030303136333731203030303030206e0d0a30303030303136353136203030303030206e0d0a30303030303136383439203030303030206e0d0a30303030303136393638203030303030206e0d0a30303030303137303837203030303030206e0d0a30303030303137323332203030303030206e0d0a30303030303137333737203030303030206e0d0a30303030303137353132203030303030206e0d0a30303030303137363437203030303030206e0d0a30303030303137373831203030303030206e0d0a30303030303137393038203030303030206e0d0a30303030303138333230203030303030206e0d0a30303030303138373031203030303030206e0d0a30303030303230313038203030303030206e0d0a30303030303230313435203030303030206e0d0a30303030303232383339203030303030206e0d0a30303030303233303632203030303030206e0d0a30303030303233323932203030303030206e0d0a30303030303233333730203030303030206e0d0a30303030303233343634203030303030206e0d0a30303030303233353631203030303030206e0d0a30303030303032333632203030303030206e0d0a747261696c65720d0a3c3c2f53697a65203133382f507265762033313335392f526f6f74203339203020522f456e6372797074203338203020522f496e666f203336203020522f49445b3c43394144304631394644443038354636393433383332393831324337413836383e3c44383342414646433441343045383433413436433942373239384544423946363e5d3e3e0d0a7374617274787265660d0a300d0a2525454f460d0a2020202020202020202020202020202020202020202020202020202020202020202020202020202020200d0a3133372030206f626a0d3c3c2f4c656e677468203237392f46696c7465722f466c6174654465636f64652f49203336392f4c203335332f532037382f56203236313e3e73747265616d0d0ab1dd439ecb5a1cf1dd1e0f8e1573cfea80ef1d338c2ff16b319ab1d948108bb10f47fcb6ef696f61646d04aa1d0be0a3626919accac5647d3636a057f4bd5fb7706aeb5496d392ab1a5fa6577af587ed171fe87744239fd01c2acd7cb1a70f76243d44d00dab7dc3213cca40326b1aae188b90cee5b0bf2f147be8980acfbba988b81061dc15cfcbfc1be15f4deb6363586c048e23f800a12f7f9951b062737fb3d20619af7b4b7e539f2d51c144b8f247aa6f5292fedaebf74bfa0ff992a7eb015312e4b40b00b28d15c3045e7cfb07790ad523913ee3cd03db4dcf4ad01e5cd60eda03df2f2232580b2d447a225cbfe21b0a0779bb8f3d73738d90fcd3d251558e2df3b8a134c4053a9aa044bbfeb4d2c066e2ed42c70d0a656e6473747265616d0d656e646f626a0d33382030206f626a0d3c3c2f4c656e677468203132382f46696c7465722f5374616e646172642f4f28002c84edcb2677828f25e8223ca9e0cc9a9f95415e12942da640649a2369a25c5c292f50202d313038342f5220332f552872d763ecf5cb8f939702f3c07bb7a6cb00000000000000000000000000000000292f5620323e3e0d656e646f626a0d33392030206f626a0d3c3c2f566965776572507265666572656e6365733c3c2f5072696e745363616c696e672f4e6f6e653e3e2f4d65746164617461203335203020522f4163726f466f726d203430203020522f5061676573203334203020522f547970652f436174616c6f672f506167654c6162656c73203332203020523e3e0d656e646f626a0d34302030206f626a0d3c3c2f4669656c64735b312030205220322030205220332030205220342030205220352030205220362030205220372030205220382030205220392030205220313020302052203131203020522031322030205220313320302052203134203020522031352030205220313620302052203137203020522031382030205220313920302052203230203020525d2f444128050fabc85f5ab85e202b0724c27cda292f44523c3c2f466f6e743c3c2f48656c76203435203020522f5a614462203630203020523e3e2f456e636f64696e673c3c2f504446446f63456e636f64696e67203436203020523e3e3e3e3e3e0d656e646f626a0d34312030206f626a0d3c3c2f43726f70426f785b30203020363132203739325d2f416e6e6f7473203432203020522f506172656e74203334203020522f436f6e74656e747320313238203020522f526f7461746520302f4d65646961426f785b30203020363132203739325d2f5265736f757263657320313235203020522f547970652f506167653e3e0d656e646f626a0d34322030206f626a0d5b3433203020522034372030205220343820302052203439203020522035302030205220353120302052203532203020522035332030205220353420302052203535203020522035362030205220353720302052203538203020522036332030205220363720302052203731203020522037322030205220373320302052203734203020522037352030205220373620302052203737203020522037382030205220373920302052203830203020522038312030205220383220302052203833203020522038342030205220383520302052203836203020522038372030205220383820302052203839203020522039302030205220393120302052203932203020522039332030205220393420302052203935203020522039362030205220393720302052203938203020522039392030205220313030203020522031303120302052203130322030205220313033203020522031303420302052203130352030205220313036203020522031303720302052203130382030205220313039203020522031313020302052203131322030205220313134203020522031313520302052203131362030205220313138203020522031313920302052203132302030205220313231203020522031323220302052203132332030205220313234203020525d0d656e646f626a0d34332030206f626a0d3c3c2f526563745b3439372e323536203638392e363036203535362e313033203730322e3535335d2f537562747970652f5769646765742f506172656e74203138203020522f4620342f50203431203020522f547970652f416e6e6f742f4d4b3c3c2f42475b312e305d3e3e2f41503c3c2f4e203434203020523e3e3e3e0d656e646f626a0d34342030206f626a0d3c3c2f537562747970652f466f726d2f4c656e677468203131342f46696c7465722f466c6174654465636f64652f4d61747269785b312e3020302e3020302e3020312e3020302e3020302e305d2f5265736f75726365733c3c2f466f6e743c3c2f48656c76203435203020523e3e2f50726f635365745b2f5044462f546578745d3e3e2f547970652f584f626a6563742f42426f785b302e3020302e302035382e3834372031322e3934375d2f466f726d5479706520313e3e73747265616d0d0ae5920b25761ea8c48c2c14938122f8d40b5c2c90de694619be3a2efd06ff0f8305b55e80b0b289fc1b0cfeb7d8204f1ac79d3c6ea62f8950f4239e7ffa3cafc3add410c55f5fd66973a6e2ea98179adf568b0046e4151362f39a94c133d1ad6754a69847016e1990426c9e31c1ff99121f620d0a656e6473747265616d0d656e646f626a0d34352030206f626a0d3c3c2f537562747970652f54797065312f4e616d652f48656c762f42617365466f6e742f48656c7665746963612f456e636f64696e67203436203020522f547970652f466f6e743e3e0d656e646f626a0d34362030206f626a0d3c3c2f446966666572656e6365735b32342f62726576652f6361726f6e2f63697263756d666c65782f646f74616363656e742f68756e676172756d6c6175742f6f676f6e656b2f72696e672f74696c64652033392f71756f746573696e676c652039362f6772617665203132382f62756c6c65742f6461676765722f64616767657264626c2f656c6c69707369732f656d646173682f656e646173682f666c6f72696e2f6672616374696f6e2f6775696c73696e676c6c6566742f6775696c73696e676c72696768742f6d696e75732f70657274686f7573616e642f71756f746564626c626173652f71756f746564626c6c6566742f71756f746564626c72696768742f71756f74656c6566742f71756f746572696768742f71756f746573696e676c626173652f74726164656d61726b2f66692f666c2f4c736c6173682f4f452f536361726f6e2f5964696572657369732f5a6361726f6e2f646f746c657373692f6c736c6173682f6f652f736361726f6e2f7a6361726f6e203136302f4575726f203136342f63757272656e6379203136362f62726f6b656e626172203136382f64696572657369732f636f707972696768742f6f726466656d696e696e65203137322f6c6f676963616c6e6f742f2e6e6f746465662f726567697374657265642f6d6163726f6e2f6465677265652f706c75736d696e75732f74776f7375706572696f722f74687265657375706572696f722f61637574652f6d75203138332f706572696f6463656e74657265642f636564696c6c612f6f6e657375706572696f722f6f72646d617363756c696e65203138382f6f6e65717561727465722f6f6e6568616c662f74687265657175617274657273203139322f4167726176652f4161637574652f4163697263756d666c65782f4174696c64652f4164696572657369732f4172696e672f41452f43636564696c6c612f4567726176652f4561637574652f4563697263756d666c65782f4564696572657369732f4967726176652f4961637574652f4963697263756d666c65782f4964696572657369732f4574682f4e74696c64652f4f67726176652f4f61637574652f4f63697263756d666c65782f4f74696c64652f4f64696572657369732f6d756c7469706c792f4f736c6173682f5567726176652f5561637574652f5563697263756d666c65782f5564696572657369732f5961637574652f54686f726e2f6765726d616e64626c732f6167726176652f6161637574652f6163697263756d666c65782f6174696c64652f6164696572657369732f6172696e672f61652f63636564696c6c612f6567726176652f6561637574652f6563697263756d666c65782f6564696572657369732f6967726176652f6961637574652f6963697263756d666c65782f6964696572657369732f6574682f6e74696c64652f6f67726176652f6f61637574652f6f63697263756d666c65782f6f74696c64652f6f64696572657369732f6469766964652f6f736c6173682f7567726176652f7561637574652f7563697263756d666c65782f7564696572657369732f7961637574652f74686f726e2f7964696572657369735d2f547970652f456e636f64696e673e3e0d656e646f626a0d34372030206f626a0d3c3c2f526563745b3234342e323135203734362e303939203335302e373237203736312e3938385d2f537562747970652f5769646765742f506172656e742032203020522f4620342f50203431203020522f547970652f416e6e6f742f4d4b3c3c3e3e3e3e0d656e646f626a0d34382030206f626a0d3c3c2f526563745b3433372e383231203734362e333934203535352e353135203736352e3232355d2f537562747970652f5769646765742f506172656e742034203020522f4620342f50203431203020522f547970652f416e6e6f742f4d4b3c3c3e3e3e3e0d656e646f626a0d34392030206f626a0d3c3c2f526563745b3436392e363537203731302e323032203535322e303434203732392e3632325d2f537562747970652f5769646765742f506172656e742031203020522f4620342f50203431203020522f547970652f416e6e6f742f41413c3c3e3e2f4d4b3c3c3e3e3e3e0d656e646f626a0d35302030206f626a0d3c3c2f526563745b3133322e393934203731312e3338203335302e313339203732362e36385d2f537562747970652f5769646765742f506172656e742035203020522f4620342f50203431203020522f547970652f416e6e6f742f4d4b3c3c3e3e3e3e0d656e646f626a0d35312030206f626a0d3c3c2f526563745b3133322e393934203638392e363036203439352e343931203730332e3134315d2f537562747970652f5769646765742f506172656e742036203020522f4620342f50203431203020522f547970652f416e6e6f742f4d4b3c3c3e3e3e3e0d656e646f626a0d35322030206f626a0d3c3c2f526563745b3133322e393934203636302e373731203439342e393033203637372e3833375d2f537562747970652f5769646765742f506172656e742037203020522f4620342f50203431203020522f547970652f416e6e6f742f4d4b3c3c3e3e3e3e0d656e646f626a0d35332030206f626a0d3c3c2f526563745b3133322e393934203633392e383831203231302e363732203635342e3539325d2f537562747970652f5769646765742f506172656e74203139203020522f4620342f50203431203020522f547970652f416e6e6f742f4d4b3c3c3e3e3e3e0d656e646f626a0d35342030206f626a0d3c3c2f526563745b3233392e323132203633392e383831203331362e3839203635342e3539325d2f537562747970652f5769646765742f506172656e742038203020522f4620342f50203431203020522f547970652f416e6e6f742f4d4b3c3c3e3e3e3e0d656e646f626a0d35352030206f626a0d3c3c2f526563745b3133332e323838203539372e383035203331312e303035203631342e3238325d2f537562747970652f5769646765742f506172656e742039203020522f4620342f50203431203020522f547970652f416e6e6f742f4d4b3c3c3e3e3e3e0d656e646f626a0d35362030206f626a0d3c3c2f526563745b3133332e323838203539352e343531203331312e303035203538332e3039335d2f537562747970652f5769646765742f506172656e74203130203020522f4620342f50203431203020522f547970652f416e6e6f742f4d4b3c3c3e3e3e3e0d656e646f626a0d35372030206f626a0d3c3c2f526563745b3133332e323838203538322e323131203331312e303035203536392e3835335d2f537562747970652f5769646765742f506172656e74203131203020522f4620342f50203431203020522f547970652f416e6e6f742f4d4b3c3c3e3e3e3e0d656e646f626a0d35382030206f626a0d3c3c2f526563745b3432332e363937203633382e3431203433342e383738203634392e3030325d2f537562747970652f5769646765742f506172656e74203135203020522f4620342f50203431203020522f547970652f416e6e6f742f4d4b3c3c3e3e2f41503c3c2f443c3c2f596573203631203020522f4f6666203632203020523e3e2f4e3c3c2f596573203539203020523e3e3e3e2f41532f4f66663e3e0d656e646f626a0d35392030206f626a0d3c3c2f537562747970652f466f726d2f4c656e6774682039312f4d61747269785b312e3020302e3020302e3020312e3020302e3020302e305d2f5265736f75726365733c3c2f466f6e743c3c2f5a614462203630203020523e3e2f50726f635365745b2f5044462f546578745d3e3e2f547970652f584f626a6563742f42426f785b302e3020302e302031312e313830392031302e353932345d2f466f726d5479706520313e3e73747265616d0d0afba8414f60d930feb4db2cbca85bc1b0712a79d1fc3625586f8376060dcc99bd0bec37d41b80a64a6c4fabed15fe34bf40a19bbf47dcdac868f796b23bac37d3f993740777b3e5f8b4f466af20071ee14113d90cf5475ac273b40d0d0a656e6473747265616d0d656e646f626a0d36302030206f626a0d3c3c2f537562747970652f54797065312f4e616d652f5a6144622f42617365466f6e742f5a61706644696e67626174732f547970652f466f6e743e3e0d656e646f626a0d36312030206f626a0d3c3c2f537562747970652f466f726d2f4c656e677468203131362f46696c7465722f466c6174654465636f64652f4d61747269785b312e3020302e3020302e3020312e3020302e3020302e305d2f5265736f75726365733c3c2f466f6e743c3c2f5a614462203630203020523e3e2f50726f635365745b2f5044462f546578745d3e3e2f547970652f584f626a6563742f42426f785b302e3020302e302031312e313830392031302e353932345d2f466f726d5479706520313e3e73747265616d0d0a6d9935bf4ef3946a58d638e538d48f89c72a829165a16eafef79a061a7ba68ee6bf62719f2ef21a020cb8244c0d5c1b3b3dbc0bb1fe966a0ec114fc1f69a54a0ef551a163467f22acddd05b17f626d23c063cebf9740fa6b1d29453fb80dcfe0d35bc904a4d600e2364b44ff5952d2b5fb264dfd0d0a656e6473747265616d0d656e646f626a0d36322030206f626a0d3c3c2f537562747970652f466f726d2f4c656e6774682033362f4d61747269785b312e3020302e3020302e3020312e3020302e3020302e305d2f5265736f75726365733c3c2f50726f635365745b2f5044465d3e3e2f547970652f584f626a6563742f42426f785b302e3020302e302031312e313830392031302e353932345d2f466f726d5479706520313e3e73747265616d0d0abee4deb284b193ca0864f16b223d618768745def08b7277a797b568a23f3675c7a18741e0d0a656e6473747265616d0d656e646f626a0d36332030206f626a0d3c3c2f526563745b3432332e363937203632342e383735203433342e383738203633352e3436375d2f537562747970652f5769646765742f506172656e74203136203020522f4620342f50203431203020522f547970652f416e6e6f742f4d4b3c3c2f4341288e293e3e2f41503c3c2f443c3c2f596573203635203020522f4f6666203636203020523e3e2f4e3c3c2f596573203634203020523e3e3e3e2f41532f4f66663e3e0d656e646f626a0d36342030206f626a0d3c3c2f537562747970652f466f726d2f4c656e6774682039312f4d61747269785b312e3020302e3020302e3020312e3020302e3020302e305d2f5265736f75726365733c3c2f466f6e743c3c2f5a614462203630203020523e3e2f50726f635365745b2f5044462f546578745d3e3e2f547970652f584f626a6563742f42426f785b302e3020302e302031312e313830392031302e353932345d2f466f726d5479706520313e3e73747265616d0d0a88bcad2fc8ff06e57e960a6fc557bd44e7482939d124cb4ba7beab078e5eccbdb6a256f18a060d44c01ea0a7d7e8624abc2e384c2069f8b2b23c7c436abb9d9236d91a99fe338d136718797b842481e8097360d71d797fac6159f50d0a656e6473747265616d0d656e646f626a0d36352030206f626a0d3c3c2f537562747970652f466f726d2f4c656e677468203131362f46696c7465722f466c6174654465636f64652f4d61747269785b312e3020302e3020302e3020312e3020302e3020302e305d2f5265736f75726365733c3c2f466f6e743c3c2f5a614462203630203020523e3e2f50726f635365745b2f5044462f546578745d3e3e2f547970652f584f626a6563742f42426f785b302e3020302e302031312e313830392031302e353932345d2f466f726d5479706520313e3e73747265616d0d0a0bef011e36b1f77fa3da98b2a7d49d8db849dced22094c579541e0f853a101e2d02691666bfa042dac355108be2e238fad8c8dbd2c69c0cbf9e331606ee9b33f3ee2b414d44ac7615f10b0cea780658621a9edfbca6b103b6f707f19763ffef3f42b2ff8f7f1ddf429950f4a0fb37cef382b346d0d0a656e6473747265616d0d656e646f626a0d36362030206f626a0d3c3c2f537562747970652f466f726d2f4c656e6774682033362f4d61747269785b312e3020302e3020302e3020312e3020302e3020302e305d2f5265736f75726365733c3c2f50726f635365745b2f5044465d3e3e2f547970652f584f626a6563742f42426f785b302e3020302e302031312e313830392031302e353932345d2f466f726d5479706520313e3e73747265616d0d0a80787d2a97e1be959f52a1c5c7dff0c8dd21c602a4110433b947ea7db8a82257944aa97c0d0a656e6473747265616d0d656e646f626a0d36372030206f626a0d3c3c2f526563745b3432332e363937203631312e3334203433342e383738203632312e3933325d2f537562747970652f5769646765742f506172656e74203137203020522f4620342f50203431203020522f547970652f416e6e6f742f4d4b3c3c2f43412880293e3e2f41503c3c2f443c3c2f596573203639203020522f4f6666203730203020523e3e2f4e3c3c2f596573203638203020523e3e3e3e2f41532f4f66663e3e0d656e646f626a0d36382030206f626a0d3c3c2f537562747970652f466f726d2f4c656e6774682039312f4d61747269785b312e3020302e3020302e3020312e3020302e3020302e305d2f5265736f75726365733c3c2f466f6e743c3c2f5a614462203630203020523e3e2f50726f635365745b2f5044462f546578745d3e3e2f547970652f584f626a6563742f42426f785b302e3020302e302031312e313830392031302e353932345d2f466f726d5479706520313e3e73747265616d0d0a3c238a5573352f52af4fe549654fc0dc064ab46a9c5eab2d02bb71fe0dec562970c161db53d997ee24f921b8f3b6093c56186c7f17dd51de10a608661fd1eaceb210a2fe905eceb062df48aedd43d8f8f8c3b1c6a3d7346009b9b80d0a656e6473747265616d0d656e646f626a0d36392030206f626a0d3c3c2f537562747970652f466f726d2f4c656e677468203131362f46696c7465722f466c6174654465636f64652f4d61747269785b312e3020302e3020302e3020312e3020302e3020302e305d2f5265736f75726365733c3c2f466f6e743c3c2f5a614462203630203020523e3e2f50726f635365745b2f5044462f546578745d3e3e2f547970652f584f626a6563742f42426f785b302e3020302e302031312e313830392031302e353932345d2f466f726d5479706520313e3e73747265616d0d0abd01f1366c4289b1b6a6381ae1c729d1344168337cab3f1144f13a84ccee32c9f04f630beb008e73d417f022c3918b6c406b5ee48b78b48c44338ae5643de2a5713579e0f36964236c6c7116dfd128da121db7cef8d81a34c4ae401a89e2578b3337804d34fadab384caac6cff17fb332333be770d0a656e6473747265616d0d656e646f626a0d37302030206f626a0d3c3c2f537562747970652f466f726d2f4c656e6774682033362f4d61747269785b312e3020302e3020302e3020312e3020302e3020302e305d2f5265736f75726365733c3c2f50726f635365745b2f5044465d3e3e2f547970652f584f626a6563742f42426f785b302e3020302e302031312e313830392031302e353932345d2f466f726d5479706520313e3e73747265616d0d0a6930a8329fc94525882385998defd868e3fc0a0a496a69e39c0bdc5834f341e340a9d6850d0a656e6473747265616d0d656e646f626a0d37312030206f626a0d3c3c2f526563745b3439352e343931203632352e343633203535342e393236203634302e3137355d2f537562747970652f5769646765742f506172656e74203132203020522f4620342f50203431203020522f547970652f416e6e6f742f4d4b3c3c3e3e3e3e0d656e646f626a0d37322030206f626a0d3c3c2f526563745b3436302e383331203538322e353035203535312e343535203539362e30345d2f537562747970652f5769646765742f506172656e74203133203020522f4620342f50203431203020522f547970652f416e6e6f742f41413c3c3e3e2f4d4b3c3c3e3e3e3e0d656e646f626a0d37332030206f626a0d3c3c2f526563745b3436302e383331203536382e3937203535312e343535203538322e3530355d2f537562747970652f5769646765742f506172656e742031203020522f4620342f50203431203020522f5120322f547970652f416e6e6f742f41413c3c3e3e2f4d4b3c3c3e3e3e3e0d656e646f626a0d37342030206f626a0d3c3c2f526563745b3436302e383331203535342e373239203535312e343535203536382e3236345d2f537562747970652f5769646765742f506172656e742033203020522f4620342f50203431203020522f547970652f416e6e6f742f41413c3c3e3e2f4d4b3c3c3e3e3e3e0d656e646f626a0d37352030206f626a0d3c3c2f526563745b3133332e323838203536382e3937203331312e303035203535362e3631325d2f537562747970652f5769646765742f506172656e74203134203020522f4620342f50203431203020522f547970652f416e6e6f742f4d4b3c3c3e3e3e3e0d656e646f626a0d37362030206f626a0d3c3c2f526563745b3234342e353039203438392e313434203335312e303231203530352e3033335d2f537562747970652f5769646765742f506172656e742032203020522f4620342f50203431203020522f547970652f416e6e6f742f4d4b3c3c3e3e3e3e0d656e646f626a0d37372030206f626a0d3c3c2f526563745b3436312e313235203239372e373734203535312e373439203331312e3330395d2f537562747970652f5769646765742f506172656e742033203020522f4620342f50203431203020522f547970652f416e6e6f742f4d4b3c3c3e3e3e3e0d656e646f626a0d37382030206f626a0d3c3c2f526563745b3433382e313135203438392e343339203535352e383039203530382e32375d2f537562747970652f5769646765742f506172656e742034203020522f4620342f50203431203020522f547970652f416e6e6f742f4d4b3c3c3e3e3e3e0d656e646f626a0d37392030206f626a0d3c3c2f526563745b3133332e323838203435342e343235203335302e343333203436392e3732355d2f537562747970652f5769646765742f506172656e742035203020522f4620342f50203431203020522f547970652f416e6e6f742f4d4b3c3c3e3e3e3e0d656e646f626a0d38302030206f626a0d3c3c2f526563745b3133332e323838203433322e363531203439352e373835203434362e3138365d2f537562747970652f5769646765742f506172656e742036203020522f4620342f50203431203020522f547970652f416e6e6f742f4d4b3c3c3e3e3e3e0d656e646f626a0d38312030206f626a0d3c3c2f526563745b3133332e323838203430332e383136203439352e313937203432302e3838325d2f537562747970652f5769646765742f506172656e742037203020522f4620342f50203431203020522f547970652f416e6e6f742f4d4b3c3c3e3e3e3e0d656e646f626a0d38322030206f626a0d3c3c2f526563745b3233392e353036203338322e393236203331372e313834203339372e3633375d2f537562747970652f5769646765742f506172656e742038203020522f4620342f50203431203020522f547970652f416e6e6f742f4d4b3c3c3e3e3e3e0d656e646f626a0d38332030206f626a0d3c3c2f526563745b3133332e353832203334302e3835203331312e323939203335372e3332375d2f537562747970652f5769646765742f506172656e742039203020522f4620342f50203431203020522f547970652f416e6e6f742f4d4b3c3c3e3e3e3e0d656e646f626a0d38342030206f626a0d3c3c2f526563745b3133332e353832203332362e313338203331312e323939203333382e3439365d2f537562747970652f5769646765742f506172656e74203130203020522f4620342f50203431203020522f547970652f416e6e6f742f4d4b3c3c3e3e3e3e0d656e646f626a0d38352030206f626a0d3c3c2f526563745b3133332e353832203331322e383938203331312e323939203332352e3235365d2f537562747970652f5769646765742f506172656e74203131203020522f4620342f50203431203020522f547970652f416e6e6f742f4d4b3c3c3e3e3e3e0d656e646f626a0d38362030206f626a0d3c3c2f526563745b3439352e373835203336382e353038203535352e3232203338332e32325d2f537562747970652f5769646765742f506172656e74203132203020522f4620342f50203431203020522f547970652f416e6e6f742f4d4b3c3c3e3e3e3e0d656e646f626a0d38372030206f626a0d3c3c2f526563745b3436312e313235203332352e3535203535312e373439203333392e3038355d2f537562747970652f5769646765742f506172656e74203133203020522f4620342f50203431203020522f547970652f416e6e6f742f4d4b3c3c3e3e3e3e0d656e646f626a0d38382030206f626a0d3c3c2f526563745b3436312e313235203331322e303135203535312e373439203332352e35355d2f537562747970652f5769646765742f506172656e742031203020522f4620342f50203431203020522f547970652f416e6e6f742f4d4b3c3c3e3e3e3e0d656e646f626a0d38392030206f626a0d3c3c2f526563745b3133332e353832203239392e363537203331312e323939203331322e3031355d2f537562747970652f5769646765742f506172656e74203134203020522f4620342f50203431203020522f547970652f416e6e6f742f4d4b3c3c3e3e3e3e0d656e646f626a0d39302030206f626a0d3c3c2f526563745b3234342e303332203233322e3436203335302e353434203234382e3334395d2f537562747970652f5769646765742f506172656e742032203020522f4620342f50203431203020522f547970652f416e6e6f742f4d4b3c3c3e3e3e3e0d656e646f626a0d39312030206f626a0d3c3c2f526563745b3436302e3634382034312e30393034203535312e3237322035342e363235345d2f537562747970652f5769646765742f506172656e742033203020522f4620342f50203431203020522f547970652f416e6e6f742f4d4b3c3c3e3e3e3e0d656e646f626a0d39322030206f626a0d3c3c2f526563745b3433372e363338203233322e373535203535352e333332203235312e3538365d2f537562747970652f5769646765742f506172656e742034203020522f4620342f50203431203020522f547970652f416e6e6f742f4d4b3c3c3e3e3e3e0d656e646f626a0d39332030206f626a0d3c3c2f526563745b3133322e383131203139372e373431203334392e393536203231332e3034315d2f537562747970652f5769646765742f506172656e742035203020522f4620342f50203431203020522f547970652f416e6e6f742f4d4b3c3c3e3e3e3e0d656e646f626a0d39342030206f626a0d3c3c2f526563745b3133322e383131203137352e393637203439352e333038203138392e3530325d2f537562747970652f5769646765742f506172656e742036203020522f4620342f50203431203020522f547970652f416e6e6f742f4d4b3c3c3e3e3e3e0d656e646f626a0d39352030206f626a0d3c3c2f526563745b3133322e383131203134372e313332203439342e3732203136342e3139385d2f537562747970652f5769646765742f506172656e742037203020522f4620342f50203431203020522f547970652f416e6e6f742f4d4b3c3c3e3e3e3e0d656e646f626a0d39362030206f626a0d3c3c2f526563745b3233392e303239203132362e323432203331362e373037203134302e3935335d2f537562747970652f5769646765742f506172656e742038203020522f4620342f50203431203020522f547970652f416e6e6f742f4d4b3c3c3e3e3e3e0d656e646f626a0d39372030206f626a0d3c3c2f526563745b3133332e3130352038342e31363634203331302e383232203130302e3634335d2f537562747970652f5769646765742f506172656e742039203020522f4620342f50203431203020522f547970652f416e6e6f742f4d4b3c3c3e3e3e3e0d656e646f626a0d39382030206f626a0d3c3c2f526563745b3133332e3130352036392e34353434203331302e3832322038312e383132345d2f537562747970652f5769646765742f506172656e74203130203020522f4620342f50203431203020522f547970652f416e6e6f742f4d4b3c3c3e3e3e3e0d656e646f626a0d39392030206f626a0d3c3c2f526563745b3133332e3130352035362e32313434203331302e3832322036382e353732345d2f537562747970652f5769646765742f506172656e74203131203020522f4620342f50203431203020522f547970652f416e6e6f742f4d4b3c3c3e3e3e3e0d656e646f626a0d3130302030206f626a0d3c3c2f526563745b3439352e333038203131312e383234203535342e373433203132362e3533365d2f537562747970652f5769646765742f506172656e74203132203020522f4620342f50203431203020522f547970652f416e6e6f742f4d4b3c3c3e3e3e3e0d656e646f626a0d3130312030206f626a0d3c3c2f526563745b3436302e3634382036382e38363634203535312e3237322038322e343031345d2f537562747970652f5769646765742f506172656e74203133203020522f4620342f50203431203020522f547970652f416e6e6f742f4d4b3c3c3e3e3e3e0d656e646f626a0d3130322030206f626a0d3c3c2f526563745b3436302e3634382035352e33333134203535312e3237322036382e383636345d2f537562747970652f5769646765742f506172656e742031203020522f4620342f50203431203020522f547970652f416e6e6f742f4d4b3c3c3e3e3e3e0d656e646f626a0d3130332030206f626a0d3c3c2f526563745b3133332e3130352034322e39373334203331302e3832322035352e333331345d2f537562747970652f5769646765742f506172656e74203134203020522f4620342f50203431203020522f547970652f416e6e6f742f4d4b3c3c3e3e3e3e0d656e646f626a0d3130342030206f626a0d3c3c2f526563745b3432342e323836203338322e343236203433352e343637203339332e3031385d2f537562747970652f5769646765742f506172656e74203135203020522f4620342f50203431203020522f547970652f416e6e6f742f4d4b3c3c2f434128ba293e3e2f41503c3c2f443c3c2f596573203631203020522f4f6666203632203020523e3e2f4e3c3c2f596573203539203020523e3e3e3e2f41532f4f66663e3e0d656e646f626a0d3130352030206f626a0d3c3c2f526563745b3432342e323836203336382e383931203433352e343637203337392e3438335d2f537562747970652f5769646765742f506172656e74203136203020522f4620342f50203431203020522f547970652f416e6e6f742f4d4b3c3c2f4341281e293e3e2f41503c3c2f443c3c2f596573203635203020522f4f6666203636203020523e3e2f4e3c3c2f596573203634203020523e3e3e3e2f41532f4f66663e3e0d656e646f626a0d3130362030206f626a0d3c3c2f526563745b3432342e323836203335352e333536203433352e343637203336352e3934385d2f537562747970652f5769646765742f506172656e74203137203020522f4620342f50203431203020522f547970652f416e6e6f742f4d4b3c3c2f43412889293e3e2f41503c3c2f443c3c2f596573203639203020522f4f6666203730203020523e3e2f4e3c3c2f596573203638203020523e3e3e3e2f41532f4f66663e3e0d656e646f626a0d3130372030206f626a0d3c3c2f526563745b3432342e333937203132342e393737203433352e353738203133352e3536395d2f537562747970652f5769646765742f506172656e74203135203020522f4620342f50203431203020522f547970652f416e6e6f742f4d4b3c3c2f434128fa293e3e2f41503c3c2f443c3c2f596573203631203020522f4f6666203632203020523e3e2f4e3c3c2f596573203539203020523e3e3e3e2f41532f4f66663e3e0d656e646f626a0d3130382030206f626a0d3c3c2f526563745b3432342e333937203131312e343432203433352e353738203132322e3033345d2f537562747970652f5769646765742f506172656e74203136203020522f4620342f50203431203020522f547970652f416e6e6f742f4d4b3c3c2f434128f3293e3e2f41503c3c2f443c3c2f596573203635203020522f4f6666203636203020523e3e2f4e3c3c2f596573203634203020523e3e3e3e2f41532f4f66663e3e0d656e646f626a0d3130392030206f626a0d3c3c2f526563745b3432342e3339372039372e39303731203433352e353738203130382e3439395d2f537562747970652f5769646765742f506172656e74203137203020522f4620342f50203431203020522f547970652f416e6e6f742f4d4b3c3c2f434128f2293e3e2f41503c3c2f443c3c2f596573203639203020522f4f6666203730203020523e3e2f4e3c3c2f596573203638203020523e3e3e3e2f41532f4f66663e3e0d656e646f626a0d3131302030206f626a0d3c3c2f526563745b3439372e3535203433312e323638203535362e333937203434342e3231355d2f537562747970652f5769646765742f506172656e74203138203020522f4620342f50203431203020522f547970652f416e6e6f742f4d4b3c3c2f42475b312e305d3e3e2f41503c3c2f4e20313131203020523e3e3e3e0d656e646f626a0d3131312030206f626a0d3c3c2f537562747970652f466f726d2f4c656e677468203131342f46696c7465722f466c6174654465636f64652f4d61747269785b312e3020302e3020302e3020312e3020302e3020302e305d2f5265736f75726365733c3c2f466f6e743c3c2f48656c76203435203020523e3e2f50726f635365745b2f5044462f546578745d3e3e2f547970652f584f626a6563742f42426f785b302e3020302e302035382e3834372031322e3934375d2f466f726d5479706520313e3e73747265616d0d0a81702c070a14c8ac7d2a811ed76b68cbe37e1dbe16fc3013e0d41b803c081a29184ee57e0a93e2f95ca8198d7ef27e0a99ed7dbc571c762b55aadf76e6a1f1ee44e334e9d3d334e16a43d6184615400831206027686ba4a46fd4cd85e21764ccbe25172b05f951df6cf44da90a4e19b41fe80d0a656e6473747265616d0d656e646f626a0d3131322030206f626a0d3c3c2f526563745b3439372e303733203137332e393936203535352e3932203138362e3934335d2f537562747970652f5769646765742f506172656e74203138203020522f4620342f50203431203020522f547970652f416e6e6f742f4d4b3c3c2f42475b312e305d3e3e2f41503c3c2f4e20313133203020523e3e3e3e0d656e646f626a0d3131332030206f626a0d3c3c2f537562747970652f466f726d2f4c656e677468203131342f46696c7465722f466c6174654465636f64652f4d61747269785b312e3020302e3020302e3020312e3020302e3020302e305d2f5265736f75726365733c3c2f466f6e743c3c2f48656c76203435203020523e3e2f50726f635365745b2f5044462f546578745d3e3e2f547970652f584f626a6563742f42426f785b302e3020302e302035382e3834372031322e3934375d2f466f726d5479706520313e3e73747265616d0d0aac955a30a09c0279c32709fb6d8cbf2fc00a46b73cb66dd6676b8bc89d84adef81c57f9ae3330518f736ac23f2685f5169cb497726bc5dd33cf3dc97e7d516026a6df545e8edb2bc7ca342ccab345b2ac6c8559459ee93db5c2faf533ed6c5037205b298df1bfa705c0022918fd2fa6ceb200d0a656e6473747265616d0d656e646f626a0d3131342030206f626a0d3c3c2f526563745b3133332e383737203338332e363033203231312e353535203339382e3331345d2f537562747970652f5769646765742f506172656e74203139203020522f4620342f50203431203020522f547970652f416e6e6f742f4d4b3c3c3e3e3e3e0d656e646f626a0d3131352030206f626a0d3c3c2f526563745b3133332e333939203132362e333331203231312e303737203134312e3034325d2f537562747970652f5769646765742f506172656e74203139203020522f4620342f50203431203020522f547970652f416e6e6f742f4d4b3c3c3e3e3e3e0d656e646f626a0d3131362030206f626a0d3c3c2f526563745b3434332e313735203731302e373931203436392e303637203732392e3033345d2f537562747970652f5769646765742f506172656e74203230203020522f4620342f50203431203020522f547970652f416e6e6f742f4d4b3c3c2f42475b312e305d3e3e2f41503c3c2f4e20313137203020523e3e3e3e0d656e646f626a0d3131372030206f626a0d3c3c2f537562747970652f466f726d2f4c656e677468203130392f46696c7465722f466c6174654465636f64652f4d61747269785b312e3020302e3020302e3020312e3020302e3020302e305d2f5265736f75726365733c3c2f466f6e743c3c2f48656c76203435203020523e3e2f50726f635365745b2f5044462f546578745d3e3e2f547970652f584f626a6563742f42426f785b302e3020302e302032352e383932362031382e323432365d2f466f726d5479706520313e3e73747265616d0d0ac2f236311b11d5d7f216066fb101b1d2a28c60b971a0fb35599f5d4c8882b1fb03ea79dc6fe157937b489e28007a1d1c35191750f7eb669ef0d52944f19eb4b6e8366f80a02471aa888cc379a1ef64cbb02e902c251f8e8ed2f02baf076e09ed60810b02c7f16241c3220f869b0d0a656e6473747265616d0d656e646f626a0d3131382030206f626a0d3c3c2f526563745b3436392e363537203435332e333336203535322e303434203437322e3735365d2f537562747970652f5769646765742f506172656e742031203020522f4620342f50203431203020522f547970652f416e6e6f742f4d4b3c3c3e3e3e3e0d656e646f626a0d3131392030206f626a0d3c3c2f526563745b3436392e363537203139362e363532203535322e303434203231362e3037325d2f537562747970652f5769646765742f506172656e742031203020522f4620342f50203431203020522f547970652f416e6e6f742f4d4b3c3c3e3e3e3e0d656e646f626a0d3132302030206f626a0d3c3c2f526563745b3434322e343639203435332e393235203436382e333631203437322e3136375d2f537562747970652f5769646765742f506172656e74203230203020522f4620342f50203431203020522f547970652f416e6e6f742f4d4b3c3c2f42475b312e305d3e3e2f41503c3c2f4e20313137203020523e3e3e3e0d656e646f626a0d3132312030206f626a0d3c3c2f526563745b3434322e343033203139372e323431203436382e323936203231352e3438335d2f537562747970652f5769646765742f506172656e74203230203020522f4620342f50203431203020522f547970652f416e6e6f742f4d4b3c3c2f42475b312e305d3e3e2f41503c3c2f4e20313137203020523e3e3e3e0d656e646f626a0d3132322030206f626a0d3c3c2f526563745b33392e3834203534312e353837203136352e34203535322e3238385d2f537562747970652f4c696e6b2f42533c3c2f532f532f5720302f547970652f426f726465723e3e2f4120313334203020522f482f4e2f426f726465725b30203020305d2f547970652f416e6e6f743e3e0d656e646f626a0d3132332030206f626a0d3c3c2f526563745b33392e3834203238342e363637203136352e34203239352e3336385d2f537562747970652f4c696e6b2f42533c3c2f532f532f5720302f547970652f426f726465723e3e2f4120313335203020522f482f4e2f426f726465725b30203020305d2f547970652f416e6e6f743e3e0d656e646f626a0d3132342030206f626a0d3c3c2f526563745b33392e38342032372e373437203136352e342033382e343438325d2f537562747970652f4c696e6b2f42533c3c2f532f532f5720302f547970652f426f726465723e3e2f4120313336203020522f482f4e2f426f726465725b30203020305d2f547970652f416e6e6f743e3e0d656e646f626a0d3132352030206f626a0d3c3c2f436f6c6f7253706163653c3c2f43733620313239203020523e3e2f466f6e743c3c2f54543220313236203020522f54543420313237203020523e3e2f50726f635365745b2f5044462f546578745d2f4578744753746174653c3c2f47533120313333203020523e3e3e3e0d656e646f626a0d3132362030206f626a0d3c3c2f537562747970652f54727565547970652f466f6e7444657363726970746f7220313331203020522f4c61737443686172203132352f5769647468735b32373820302030203020302030203020302030203020302030203020302032373820302030203020353536203020353536203020302030203020302030203020302030203020302030203636372036363720373232203732322030203020302030203020302030203020383333203732322037373820363637203020373232203020363131203020363637203020302030203020323738203020323738203020302030203535362035353620353030203535362035353620302030203535362032323220302035303020323232203833332035353620353536203535362030203333332035303020323738203535362030203020353030203530302030203333342030203333345d2f42617365466f6e742f417269616c4d542f4669727374436861722033322f456e636f64696e672f57696e416e7369456e636f64696e672f547970652f466f6e743e3e0d656e646f626a0d3132372030206f626a0d3c3c2f537562747970652f54727565547970652f466f6e7444657363726970746f7220313332203020522f4c61737443686172203132312f5769647468735b32373820302030203020302030203020302030203020302030203020302030203020302030203020302030203020302030203020302030203020302030203020302030203732322037323220373232203020363637203631312030203020323738203020302030203020302030203636372030203732322030203631312030203020302030203020302030203020302030203020302035353620302035353620363131203535362033333320302030203237382030203020302038383920363131203631312030203020333839203020333333203631312035353620302030203535365d2f42617365466f6e742f417269616c2d426f6c644d542f4669727374436861722033322f456e636f64696e672f57696e416e7369456e636f64696e672f547970652f466f6e743e3e0d656e646f626a0d3132382030206f626a0d3c3c2f4c656e67746820313333352f46696c7465722f466c6174654465636f64653e3e73747265616d0d0a2a04ce606d1b695e42880117bc478acbb089d910bb7572474acb0241610cbefba6b38dcc1753d8b816405d26f0d08e73af4a525d41d4fc8f2b50d8c37e242b7a1e286937b1d828f4c07e1408afca5d0b9cb6e6883f6538485f328137d6817ea112194d3fe38ea91d22d0e7799863eb38f4269466c693358698e051db43d33b01fb0e90f0cef8846d1ca8bf4e1c1956ab85fa6780b2ffdc74946efa8ab341d5a031efff1c07005b7ea275fead4f4f87e910bfc19f7cda2d1052b8ba82bf38a21ea6f494b54dfec008f71081aa6cb4b4fd733426fefd07fabb01861bd742974964d999b017a2c545fa96e2256ae630d38afe9213a16e686e23711683729d750f75fceee64e37b0ac767b35013383cc2285aa55b45d2913b9bc6130b72bd8b4a59b812784e9b1543b93747534585f1d565946e552ec4394f677d5e494ff980d686d27cb06081a28e0d32b95f6fce13a8a5f1873f370c2d2f85a9a524beec57f69014247c3723999c0e9de6fb5769db3af50f049e98e239693e5778315ace175370947cd3aa568395c968a58e0a5cda4a20b87c0e0dbfda149274fbf8c9e1eeb54fb1ac9ffd11cbb1482a0974bfb3ceb81f985389ffc901e9fb221f710f1645c742a9d5deac1f8943f53b463ad9f5c07be2561a438b3cb4ea81c8ef272c1ca12fcbfaf2ddc6a8424d3aa5f659c9356f8829fcf8a05e6c481f218ca0c2e7a46a7d031d9d85883b9bc24de50e8865aa102ffa5143cd5fc5846b4d16d3037554ea44274e648babcf07f991908ec0baa341563f91a58b464cfb06f140c47a744db8933ab459ee8829fb7dad7813556f2c4c07857922fc2ca35a8d9e8209502b91621e1d9a8e7f8b594c3485e0f1465147708c300d59e62d1726f43bc33e40d928f813f6f066760e797813a307c31da6d179d6340ded9bcee844245b15368905301e35bca693453d8e344c7804d6ef20405ef977dc05af00c1f3056f36a881c929406e8339228066ddf3d64c12d451e4aa2075c6db34d6cbd042d5bad875682830592b668811f0eefe7f8087a7efa834d5a6b4a215753c0c5808cd1b55ce397f69086ffa574c7e94222e400aecd5d4ef50700d2481ae9373d65546b81cb61bf1a40f5e4da63a7c47063a728403317f5d006cdec92ba53b83773b69387b01c7ec0cfaba6580f34f40ff8fd164024164d5d832c238e21a9bf41fbc6269b429bd61ec0c618b5f8e6102bd8bbc2765ce3650eca40ec876a936892fd3100b61299a30750e0ca9ab63b94b0874695c9c8211b28dc153ade2400018835fb8e7037dbb97b9a34b4f32753779fc79f8460c4f1d0f0b05c8b517240fa01030c43e696a2194eda2673a16c916bd7255f4ad414aad138cea2b61e6498b0183ba5849cc4cc875ef96cf306968ca6be8c6b103da4f9790476794058ebff2e7cd873e0e917f25be9c8b698474fca0828590e616e0e2e77d4716937b9fbf3ba37ee0e92789830ffb36ec5468e2cadad40eacd8d99def7ae9bf5d6948bc30de1002fd5580489d13b2acfd0cb993246f001e33dfe2d852926ca34bf259cd7a20b6e1eabc2d92942cc0519c48a509008d832703682cc30dfbf0e21cdb19a199ac1f6f8654e5f459d09ab1b5adcc5fe76118fe17c8d948bc71e124b1c8cc500bc3259d01b3d2b6e04ef2a3415a423a7080f9839536badacfce87e565bea4654b2db516a3ceddac650e484b34c1d24d855d410cb27deb106b60753c8f124a486873e68a2aac422ab90072edef3c10ff2b1c01b86cf19979d36fcb0429d3bc7ee651a5b38ad3f93cc8be9f58ea86965f4661065a7b85531b9d339b787c13ee1791262867bc7ae48fab919ec1e92dd8a1a614d3e5281f3492a863c461affbe12ed1426371f5f270d0a656e6473747265616d0d656e646f626a0d3132392030206f626a0d5b2f494343426173656420313330203020525d0d656e646f626a0d3133302030206f626a0d3c3c2f4c656e67746820323539382f46696c7465722f466c6174654465636f64652f4e20332f416c7465726e6174652f4465766963655247423e3e73747265616d0d0ac4229460b249fe1614842f52ebd5f245fedde78f9fa896cc240c6094221cbc6ef56030bb44d7bc3ef77f872d37a0d27b098f750fbb1ee40df90a540df7f2c5935575b526918d2f8ecb6c6cdbc6a79ddc5dacf1d59639b8475b8a67185095a5776334acc61dc65b62a051b6eeed59123884416880f0f6fb42b80674c984ed7207266ae35470f551db12065936e22d9552bc11db1b5132d9a8107ff9bcaa862a73eadc2e4e8db5dfc93dca83525854a4bd811fee7c5ec927a8481f3ce32d216893dfde972a38e0ee2527d790a6daef21dd2ccf60e4eb9061555c7dd2e50bc34519680306b6e35d497d26cca9b1fef9662d5ea764be90b23f2056afe362e8b9ac4a5260dfdaa1daa8e85b4b4cca4b6bbf8be9a8469069a807233a21b813647eedafc5f6c2f2fcd3e8e8a88918d66e4b26a5560fc60ed706bd1113b54bc8dd20f682a6f550a875c1683df233141b425d7cea5523a6939dbfea7a174677cb045c0f0b485b489d2ae8c0cc57a59633a679f445e64f9420001611c36392e743b0490e99327ccf4b104bd46191a53f08e4aa0508cc75681d6143b33b51804799fd25ffc49c55a346432887100891c6f15bcb3b2acf0d25be8d3569a3f5208a1905393b347fb1e94b10ab5ca4d355b0707626d92f13bba456359754aeaae32b74f87ef815e7ffff8ec6aab0c42278a22620be749a6d10d2c8bee7df5dadd44a6ac333a7d200b0a6262a079f5212742334046861c9f5281e2b2c73c0036518278c23885f2ed3394cf9058869f04a67332f5eb4aa2c99b891586ac7211d29e766abbec9f4bce2d0bababa0f89b832380871da7e069e0ed78324276f5451e22278413dacece8d83f65480106001ce5fd57fb2de4b1472d17e10769328b354061c82391828f32ee266857b8b7eddb4bd297773e255b76c82111e4cd7facfcdee7c1ce7a6b0f59fd19d236450b7a3c0980e1281be20ac2b7146957ae1386de5c395d9d110fac2fbcd95fe5f9c637c490612ef0f4ff6372f260e8ffe871ab7bee80d380b35b4e6fa3f90dc7b34167e0a58bf1bc01a20ff841c384bcf0f47fd49dfc86fd80b3260aa696442b3dddb9f041e1322e4a303692fb574144c425519b73c12206d13369bb17900ebfd0904da9e6cc01e2c5d36597ccfdf35f57de0bf1509139466332271a5b93b0b9e410d81c54d309c5aeb5a673192bb836190e696e74a50d89a53e3404437ca533ca9e1e86b862a6c3684048785488c1ed19569ef4bfedaa8e0a3aec4f8c734ce2e7d51a6acc4b5a1d4037f7fed23dcc528bb9d2b4df164775f180be60e55b1d06cec41687e6d64ef3390e87e20cde4462e6977b6759bb6955c1cf8564825ba058a0611831ad8354d8989d8b1a24a1b681936678e46239be34a05b8814ad2fbf5e918f1cc404f52bf40ab97de2af10247e4ba8f2d335f93ef2bda15cad16baf0653518152f4e56631b339dfa74f3d241a7d644ff2df5812e0dbcc5047f391ea874191e9bb0b0ddb443ba27583e11c93f199c29091fa5c64b54d0be0d2353af4f000b42b4731cf482424a558c534f073491a6e32c8747fc116a7ff34052784189bdf0cf73d593690fa527fcf7a2e8452a5f6ae8df75c3b0f1536f253bfb1b37c4611e93e7d95a93f5709be779284cb46acb70acc715cc7d00ff4d4a8e8dd9eff5e375048135664318e2d125fbf00ecb15dd0cd9f5d4a92c5e81be3009d3a78e68c5ecb0b831a4eac515792aec26d4c7a373d75cda55238c73794855980cd9b807b49dcbceb79fa32fe259722498b6b5582d96aace635c4a5fdc69c6c8b350d1dedbddb9810b32c0db67c7bbeff0ec64b0626d0f1865d5251d6bbe8d0328c4e4013cf84a8eee1cc39a996b82efdcfbbb45f6458998cdb13870c5e6009908663ef72034650405581ef1bc11b34d8ed73b6a59d07c1688ed0fb2ed391b38c6e64e7fa18e39cc9abd703470dd6a4fab196c4d32c3450aeff04eceb99892f9d8d739aa79b7cd674ff51f4fd32c7f7867f1c37d86a3a20d01b648181af0678b817aab95e172a3b2ce2b775242fb7303475de5887f62fe4dc1fd9fe79d95c09103443f923d0aab783d68c09e2585ac1366c8fc45e8460cf0788a35cf45d7d901d6bcfcead06388ec935590446a330420a0243b74294398e446411ac2c203c02f1b1fbb2c77aa6b788911a533082cebc88d2b3f642b3704272504d36d504493cb8d148a2a02c383fef9cb205747abc9631fe95b65d26d0e134700a453e91f4298084a072c071457c7ef8b693899eb3c2abcee76eebb20a64616ea5a12e2fe705d1bbca9ccf8d8c9f12fe39069900f6d4dd00adde3cd3f874a328ee4abc78ee6b62278edb87629212c3a08da92204b2379943b1f112366a35bf4333af8ec3f8b71d66dd2525966714c302231d43d3dd0342b5e4fa4a20a610881d55ce8d2f46a265b951e01d53339ffa1e5710da06958ec0238b614f8e8cc6063f09f7d81d617157042a9465e3da8c0b4d660ff0231e3fee6be95b5710909856593c05bec8b6997d10f7a5052c5f3e7426a9e224b20bb9d6c1faf3104287f278f7687600102e7784ab1302bb7ecdce2cc92d9085b231349bcbe831e21e6319d738b31a882f63578432eb75ac8c03c5983e786c3c56d36239e039659cd115465178ba6ad458847046f3ec6dead7290a926736d734acee5fd2ee93e719232421fe457d214886e901c490f76be88d45ede3a81f3679c3a5c849a4c4b673102cabfb53036ca15795cdfd0731147be937babfc60844aeeed2c840e2b2e647c9f6063b2b7209ab33a72df1ca02cea05767f2af21d849d2b203128d1b1fd85b299ff5af9c99131dc6d8ba45f0018460b9ffea652de5d69f46f07f2ee39db7cce88452cb5f00331cffe18e4ae453708531b9958fc6f66785dfbf5a2a9092504c451a5a84c88b1bd938c2740f7581dc7410e05c67d8ceedb2eb5db386f8071d3eb2e1cad3ee69824b6f8144e4a4fd6abb4e3f2119b9e7525c014d710d57c84a5b0a1b76ca7a8fa214d62ac0fe801679c907571859ab77a9abe6724d17399721a661c48cb3979b6f66365373020addb001cfb18fb0c777cff476cb54f1947c23accd22c49d92dd622579568167f4836c07c83a8ce9538711a2aa471539bab6e8f7bdc955e892135fcdccfed89729ec6531f998951d4612ff036430c93a59a110d76af8ae8847dfd0706826dc7874570bb0ffd4394cf71a627106c2f3efd7d9d8304f61f6c82587ccfb1f6cdf0f48196530395344bcf04c6e2f659ec78035d9dd1729f36155543e46ebc5e02e8d11a9896ae8132eb5b012dcb2658d63136cb43d21a3876e46b9eb84918b42e5e2fa8944d669b15909f3ede5cf47bacc15165e7323ee0689d429b27475f39747f052c05ba42ce3ecb1449b1a34308c6f39df1f201a7eda1c41ba9942431fe453e01fd137c0770542d0cf93c5f5ea2975e44115595f4b4f7f8b97f2833ec21b3df64c520106f0c9a34e2a22b195e04c79be261531aeb92a28bda404f34476b96eb70075c3881e8b34fdc188d1da9e8fbdf3a6aa4c0fa06e31b85df10dcf5f1c1d407b8749ae2f1b45fd1b29eae3e7354facca3abae3233ca5602edda54e9f5049cf69685d3127817dc68ed0f667a1a66e29463b57ff80919e48545e28753b3b23d17e15253c4477c0d0a656e6473747265616d0d656e646f626a0d3133312030206f626a0d3c3c2f5374656d562038382f466f6e744e616d652f417269616c4d542f466f6e74537472657463682f4e6f726d616c2f466f6e74576569676874203430302f466c6167732033322f44657363656e74202d3231312f466f6e7442426f785b2d363635202d333235203230303020313030365d2f417363656e74203930352f466f6e7446616d696c7928014f588cc3292f436170486569676874203731382f58486569676874203531352f547970652f466f6e7444657363726970746f722f4974616c6963416e676c6520303e3e0d656e646f626a0d3133322030206f626a0d3c3c2f5374656d56203133382f466f6e744e616d652f417269616c2d426f6c644d542f466f6e74537472657463682f4e6f726d616c2f466f6e74576569676874203730302f466c6167732033322f44657363656e74202d3231312f466f6e7442426f785b2d363238202d333736203230303020313031305d2f417363656e74203930352f466f6e7446616d696c79288f5c29f46d7a292f436170486569676874203731382f58486569676874203531352f547970652f466f6e7444657363726970746f722f4974616c6963416e676c6520303e3e0d656e646f626a0d3133332030206f626a0d3c3c2f4f504d20312f4f502066616c73652f6f702066616c73652f547970652f4578744753746174652f53412066616c73652f534d20302e30323e3e0d656e646f626a0d3133342030206f626a0d3c3c2f55524928f6eec4d84a1ebd51b0f95fa931a3bb60a73fe2e4ea91c4e4e6d725faa9af4578d2ab8d300c7276f7581e7f395611d89a1f6cfb92d030bc332a110fac292f532f5552493e3e0d656e646f626a0d3133352030206f626a0d3c3c2f55524928d198e61ea55c727bc838b3bbb4fe834a5c28e3e8ff3e1a651b3304f1deb95c289a177d5767332c05d06e1831eed9077f1a3737c4b1b0af5a8c264ab3d8e7d0292f532f5552493e3e0d656e646f626a0d3133362030206f626a0d3c3c2f5552492836d01444ecf9888fb58feef0c48e261acd21c6d0a6eb21f351d6e34722ba60e49d2a42ab97c0d49b5578aacc7cd45c5c256d1e1fea6beb10ca159b21b4292f532f5552493e3e0d656e646f626a0d312030206f626a0d3c3c2f5120322f54289efb049653d663c79fe2dd40b1292f46542f54782f41413c3c2f46203330203020522f4b203331203020523e3e2f466620343139343330342f4b6964735b34392030205220373320302052203838203020522031303220302052203131382030205220313139203020525d3e3e0d656e646f626a0d322030206f626a0d3c3c2f5120312f5428d543c0cd292f46542f54782f4b6964735b34372030205220373620302052203930203020525d3e3e0d656e646f626a0d332030206f626a0d3c3c2f5120322f5428ce5de248260387a61390292f46542f54782f41413c3c2f46203238203020522f4b203239203020523e3e2f466620343139343330342f4b6964735b37342030205220373720302052203931203020525d3e3e0d656e646f626a0d342030206f626a0d3c3c2f5120312f5428610ce3ab3b725446f5292f46542f54782f4b6964735b34382030205220373820302052203932203020525d3e3e0d656e646f626a0d352030206f626a0d3c3c2f54288cdea2ba75004925bcd4bdd4292f46542f54782f4b6964735b35302030205220373920302052203933203020525d3e3e0d656e646f626a0d362030206f626a0d3c3c2f5428b9d4ff1eaac504e0639b058331292f46542f54782f4b6964735b35312030205220383020302052203934203020525d3e3e0d656e646f626a0d372030206f626a0d3c3c2f5428527c22e18cc2cc25feb235292f46542f54782f4b6964735b35322030205220383120302052203935203020525d3e3e0d656e646f626a0d382030206f626a0d3c3c2f5120312f5428a603727256a2292f46542f54782f4b6964735b35342030205220383220302052203936203020525d3e3e0d656e646f626a0d392030206f626a0d3c3c2f54288b9fd985ffac1e05492380efece8292f46542f54782f4b6964735b35352030205220383320302052203937203020525d3e3e0d656e646f626a0d31302030206f626a0d3c3c2f54289174a72621dcc60fce5c2902c68c243a52d34d292f46542f54782f466620343139343330342f4b6964735b35362030205220383420302052203938203020525d3e3e0d656e646f626a0d31312030206f626a0d3c3c2f54285ffdf11ca6237cccae8c9736644d3707bb07292f46542f54782f466620343139343330342f4b6964735b35372030205220383520302052203939203020525d3e3e0d656e646f626a0d31322030206f626a0d3c3c2f54284cf0c72b525edd292f46542f54782f466620343139343330342f4b6964735b3731203020522038362030205220313030203020525d3e3e0d656e646f626a0d31332030206f626a0d3c3c2f5120322f54285a54bd1f3c8025c181ce292f46542f54782f41413c3c2f46203236203020522f4b203237203020523e3e2f466620343139343330342f4b6964735b3732203020522038372030205220313031203020525d3e3e0d656e646f626a0d31342030206f626a0d3c3c2f5428181f99cd64ca89bf1c64f49aed0679292f46542f54782f466620343139343330342f4b6964735b3735203020522038392030205220313033203020525d3e3e0d656e646f626a0d31352030206f626a0d3c3c2f5428c6478f350f55b0292f46542f42746e2f4b6964735b353820302052203130342030205220313037203020525d3e3e0d656e646f626a0d31362030206f626a0d3c3c2f5428af1663ff354b6706292f46542f42746e2f4b6964735b363320302052203130352030205220313038203020525d3e3e0d656e646f626a0d31372030206f626a0d3c3c2f542810be065f1dd39eee9fab7f2aa2292f46542f42746e2f4b6964735b363720302052203130362030205220313039203020525d3e3e0d656e646f626a0d31382030206f626a0d3c3c2f495b305d2f5428c4ed3e6913652f7b292f5628c3f7207717793f292f444128a8d05c2977002b7d305a87eb7b774ae7292f4456203234203020522f4f7074203235203020522f46542f43682f4666203339333231362f4b6964735b343320302052203131302030205220313132203020525d3e3e0d656e646f626a0d31392030206f626a0d3c3c2f5120312f54288f2333d92c3aa597292f46542f54782f4b6964735b353320302052203131342030205220313135203020525d3e3e0d656e646f626a0d32302030206f626a0d3c3c2f49203231203020522f54284d3b8738c34247f21d8f009bf5e8292f56282a292f44412821069026d00c15b96ea20bd9aaa438292f4456203232203020522f4f7074203233203020522f46542f43682f4666203133313037322f4b6964735b31313620302052203132302030205220313231203020525d3e3e0d656e646f626a0d32312030206f626a0d5b305d0d656e646f626a0d32322030206f626a0d2823290d656e646f626a0d32332030206f626a0d5b28552928d22928d1295d0d656e646f626a0d32342030206f626a0d28d36dc912505c29a6290d656e646f626a0d32352030206f626a0d5b28ccc7c25a1ec80e2928d8c7db581bc92928cddddc590c295d0d656e646f626a0d32362030206f626a0d3c3c2f532f4a6176615363726970742f4a532811996ff34c0f5b550e918c926dc5a58e9c2c8c54a6c2e49ce513c436395ddfa20ba3792e30cc46293e3e0d656e646f626a0d32372030206f626a0d3c3c2f532f4a6176615363726970742f4a5328bfd2839c5adf4cb4af5a7652f1fe3cd6a6ef1869da06003ab1b68bfd1ab1810484b7e926f8f5e4468a7b293e3e0d656e646f626a0d32382030206f626a0d3c3c2f532f4a6176615363726970742f4a5328776f5c2817521c102da358b336b23808f81f823f6173edbd0545cfe0a43ad8af4764d0b052aeae6c293e3e0d656e646f626a0d32392030206f626a0d3c3c2f532f4a6176615363726970742f4a53288406ca08afcc13f75c7205025c6e1db08aaa321988fa414a861da2e5705577b4a366872da2a84447e09b02d6293e3e0d656e646f626a0d33302030206f626a0d3c3c2f532f4a6176615363726970742f4a5328c913638541e8e85b041dc9d887aa97a2bc23798b440c08e86e332427a2f87e05f967cd9a08106d293e3e0d656e646f626a0d33312030206f626a0d3c3c2f532f4a6176615363726970742f4a5328e1bf751c11461f00eb82ab001ecd40513cf1189a21646d7d72f93ea0ee8ebdc052a9eb08528eda2a3866293e3e0d656e646f626a0d33322030206f626a0d3c3c2f4e756d735b30203333203020525d3e3e0d656e646f626a0d33332030206f626a0d3c3c2f532f443e3e0d656e646f626a0d33342030206f626a0d3c3c2f436f756e7420312f547970652f50616765732f4b6964735b3431203020525d3e3e0d656e646f626a0d33352030206f626a0d3c3c2f537562747970652f584d4c2f4c656e67746820343832312f547970652f4d657461646174613e3e73747265616d0d0a6b804a31893bd1e33d26fcefc37d040f99e790f7b2fc57566dc93ec716b3bb1828ecfa4250031cb035b47c6674b61aebcf4284ca3f87d90089bf71e6cdbaac1ac69a8f8d8a83b7c3412ba8fb8bb4bf0e3dd31aecdb91973dfeb35a54fbe01db6ed00cc776e9f7763a1eb7d14fab341066f951ae83ef7d4025ebd1a674d66c9de94389abce5adff113d02dba8e3c5a6e0f0157168fea9fe2b906359dd1e7fc710d799078411891d865b7c1cebd0ae42f97f8ea0a37c75e38d4fc0c603759f55fe4366cf24410990fb3c0783986a2cf74c3f1ab554586c22d45ac6f721c24f922acdc5f0311e73b0f27a9d8f92f33b8365fd6ac4ebb337f415bacaf1026ec388c52ea3d81f624c60ed3fd1e4ddd6ada6139c759d7f251f944a76887c8e38d790c87e354a901dc8dda82f88c931f6b0ff6003ebcd3d387198cd70b443caf165ff7482dd734f4244ee5461cfa2d8125f233bd9ee899b9bedcc387bdb723091bc87ef8ae9d4092902ef181ef51941dcd2d520834d7e26512282e707af6e3fef34b9860cfae280a51380ff6968a739d98e2499d492a72451487577358675132b061b5f6092d6169e727aebaa2d05873407a91c7c4b1e4197c32cfc735a753ee867c650275b1f7be849b31a3819d0a7145e26faec03989780130364630088ab87dfa421e261c31a87f2d5f909cf8af4f528607179717f271bee40d6f48fa5edcce9f85994918e7ff58b4f4a71d5bc405fbb57ac44030ea61c20ce5c37955b5d87d139df1dc264d3b0c69b403f99e521cefe7b6d5bdfb7e60384970c8e7992b5c7931ac3ba99322187e5cc65a24657e8bf576bbb716735f1582e2a67999711f55face028beff5c1ff348ce5611f3284e24267ac0584bc5909f7befcaa4b0ec7751edfd4fe6d6d7f730b69db209f84861d2036f401c37814f61f46d0e01376efb4be0667f86563b9af531743af1a08bcb16770c317757e52b0d240fe42e65c1b41ee0d96d858416cd4c81b4a586d5afec203f7fd42b6ae15bc9701277d72a5a0fcb6f653d10065f7b397a6ea9fcce78673e7a1fbd12a3ae4f4bda3672762f7ff7eb8b9147dad29c687f2b32785c51cb085fcaee0ace70119e544bde3dc0dacdfbce6632d60c6c31ff6bbde7248da3a8ec5916485c36cc0cdc8df74e66d2084b9c47e2a1635e808efe616cec77ed7ad1621b1937ab101e8de4ff344907a0cf83a3328bbda40c7631bb82d5583141ec76a5b2bdb0ff1a4ea85de6893cedbda7623a01a111fc6a34d095227e3b5af73990190d57400538bd1768cd2fb679e86b94e544155ab95dd10a9c6c129719821a3fa83990998e2bfa0853150ac7eb98430106bb2c122afaa849f3ccac429db4098f8b8d6a51f26125a1ea761e3dd68052f578ca9ff8ad88255efb4c03611e6d7366e5c24b58e6a6e05de2bb9fb645124b85d43424284b703ae611fc6fa9b857ad6f8dc6313fc1ed2c12081a48f8e8aa43528ab8883db22f0eca12a1b79d9c66ca070e45fa3783cd8eee3f8a608c96b994363563be241b4b151983a6ec58371cdcc30a390455a140276ea80d205bd7cd2d7e7bd67eb46e2460c05812fa941d126bb1f96982b2a1cbf4ff19f89674f72ec896ad8be2530197ee42bb0f82728d593679bdc9461e7d60f1245d3af69e045bfc26e6351e76454e29e398a453de6c5a4286fb7eb03169a567b7a902e5d45999817d285214641cf58890267932c42ed98fcea58d77e46ce4bb94b090c799f1f8a8cc246a01f9e41826926f76355bd0c774a1cb69cd55d858c9826cee99a0c9d3a67446ce49e7454fccede0ef10e21a652fb7f07146e33ebf100617d7ec069cc1e5483fd17ab998a47e9b7e5fcefee427599fc67fdced4e5ff06dbd9fdffd9cd84533fccb2c18cae1f0753ac603a1c429bdd8f5e164bac3234dde8f4c5b8c23e3d68a4472697ba3e27932db73336bc6d2202fcb1589a39a73dc5010f346823b6612baf8c276836ac8300c3704281457eccc52fd0eef45575c49d8cab241cacfe9b755351ffe4cf43d2c781d8a3b754a7492cb1680ce607252defd6ce8054cb65b62d42df0d4ec82664f0ae125bde8747f561d12903d455b83cada054d4ec99e5a24b470a38ea9b4fb91f2c2232c3bc882739613c360a5c508ce13299114800dcbce7dd2fe893c4b01ba2f1bd1b723171c118b07e7ad55f623e4f83aa6a65b68c032aa6214b0ea87bf420a211d2b0f66afe284612965fe41fc7ae9851c5f6403342ed9d8edd902690e8194e4d5352e05b8a0534fd4625ab9f78c3ee0801538e022ea79b721c95f5520d28ed159921a775f90af8d12a614958e43321317206921230bcd518c24d1792044313b5f6a1ed97049ed209b208e5b4b8811acae2a4bd14c548cb658de2895fab6abbe6f7a6e3d74c44fe90bdafe645ee27d66a9197d8aecd9fcc1392dfc71eb6e8028ac76c356d15c64f6c8a4a198dbf969fdf633c8c16b85f6d7b1901f1ca00d6d99dbf6b1b74c7977760bd774442eb6a554c453c87738790156d52b55e01524680abc09f0098f0cc60e9ecd59c9619adcf92261d43b0b11e7660768f5bd7f0c3454e659092d622cc44571973304d58b8323b7cfd60f963f1556bc370622296599c0f915bd5628fc5dc42303f6ce59192213a315c1706477d6765cf0c316f32f91a6283a229c29afab0437315fefa3a2d65ee4e672ea94c4a07ea131972de00b92656449f667d2397cf4bc572a9af0546afe076190b2151d7c10c79c7364a97c3a775eae2573ee66650a9da1456d953ad8f53e5a4f0678e1c8f654e92a4478eaab0e000fa30c5ebaf5da972cb27370a547ff11a7e369c420da2b93acdb0d1e19da52d223f43616676a32097448fc7ba9e6ff9820db45cc06a7d165c887d23b6104bb85e0f261f28bcc23494959da7e2692e176e99b6adc619880e03825a7dfc3173cd8f93aef26f27e4ac5dda31eece35f18f0cad19416d72dc09c8371a2e1b13acbcf30f5bc5b3039a482c5067ce80ad29aa3a8e8abbeed98d92a30736be22bec85213fbebafcfdb5980b1806132f7e079502b4072fa67e9d709d2f282ea080ea3188cceb3b2c0f7eadee13cb3c093926d60ead27c4d78c0722ce6991494cb4a89d6cf01fc18bdf44807920c58108eb8395d84acf1abe8ce85c1a009f6d7254db457ad1a609d0888b53180d07395340b1a6fe4c8adca126e2d444f2c0801e6f0a8f61b49aab466d4bdff47083a77de47afb321ecd30c506947805a1feac15fc79f3958f2bdd105e94477e96bb46a859a8489090999e495c4e7380b47b6be40867eeac67e7c23d7f42716ba852f522276362ff4d2bcc1da800ec89b4bcf6fdda161138c76e5aadccda753c0c2bbff39f25e2e30e841e4a25c73207764c46e1b8ae38460811907fd711503348424cfec3fb20962eaa87e0dd145a43e8b78fd38a2ae0f16f2a19aba97972f019a5d235b8a54ec59b09552387be7681b8cb58f635219f8e1cdbedc810629d1c525afc96c4c0559545eeced88bd6169d941d554ca3cc23110822aec71d597bca63101571ca02e03283ef3db718a1ef588859e21f5546a83e05756e52c8ee0015c81c517231f8c7905b15ea92d01ef1e1ac5c9898a46232b8a8ce67f79aa5d259c43ca21a67b76c69429d0a188718f4b439abfe2bf0eb8147569149744792127fa0f55b5d27762955dd6ba6a652fbc250972e722ae3f4af243f1b2066f507ed3685cec6027925cd048cb32ce04649f3802382c2f97d17d3b2e3097147185ec2f971adf0644a5e436400983f5966bcd403c5f6c668e426d111c0678929da9a1a6eea1a733e6c68c29b60e76605e085214ecfd3eec6cd1c1eafeac93c1121af1389491c08de30730a4ae0c88ddad9e66c9bab4ed0d14c3c4c12606baba8e622edccc27d24c1617a58a4a30d7f8e1f6c2f636de28eee7e60a8f96ce7f1304c740a8e9478eacb3fec57871ef976e0ccc4a37c2c1783dbcc5644d1dd87ba5b2c0c92b564c38e26f32497a373d052d171faf7c2bf178142d2dbae9600441ecc25494cee30f18c184a95f527e7fb9e02e93742926660b80fc83fc9f9e3a0b130515fb9de3a6a891bce535d22b7422c76a9b8896f319f1dd053819e78acf1f02a8a466809c50085e1aaf805ecbfe37c93fba798c13cd4f7a5ec3c6d56aa422cee027ffc846524c9f69586d148fda221558d4a5dac3342442d224566c360172e6fea313c86500ca935dd5cce2e9e8b729e6b2c032d5b0acb64a3e40077f58fef10a13274e43302c295917028dda5acec989218cfa277a47599e38176929ce3f9775fac19ee9cd2e38dee7b1552829e8283e7f418194155bcbcfa50c1bce3c36ec7ec6f89b9a0b2f9d4c43be00aa380fece242d1633152026af994dd64c52c01d723f6f62a499424c891507046c8e44b3620bbb63603b7b87674e171e424f5e93fccf3cd1cbb0b076ba5bdb7c6075a122a661cf13b6fe5cd4023f0cdca77579556761a7c126b0757dfb6b3b6d12852a019cf231f407b0a850b48813c50d2bb1d3221a444a694e013f925070ef4048300900d5bfe5fa279008d83b875f3d8273030dd01692f88141e82b3be1233e4931e572efa65434f98d53da974324252451924198a8870152a111bf94bd4ff9acf36690fc7861e225f8f66e44a753dac2d8c3be7111fcaaed1c342093ae109af267be4957c4f29e3839c4a661786e138a1680a72d208263cdc6f2981c59bab83a2ef90046702998ac4e7fa2ae6c04eeef40376d5a918628fcda08a27a80785d160e0df1a1ed2f2e68de895d1147e25e49653ef351d80317b93726c03fcd6c69b9530989ac599aff394f53825fea64b678abcd64519f001f4ea36d6a185565e3b38fcfcfbebb534390a54066766c9ec6fbe6dfad9c909d4657be0d89f65f2b2c9ffde6680ca05a767ae9e235cf75e185a218a7711df25c73c1fd488d924f2575849550126cd7ea33842b262a8a57cf1f7bff07e0a35ab6387936d0cd0bf64f4474697e25985803c65aea872aef748e611b6818195900e3ff7ac79754f27aaac9f8e09a6adc3215ba563f0af3ce261dc245bb85d0e9f174eda44cd387308c28d9dbf1d7aa5ab83cfe2078bbdfaff82be2607b415d4c38af570ac762cfee281b166128cc72e5c64f010b0b3190bb09400bd1e7104697cbc19cae2fa5c20fc1d392114949025e252f57541445837971fa40d431100f2b459ce57f3ff0b59fe536965870c075956c35fe806ed4d30c7a9761328c7da6142f7bc5226f411849434cf4ab7106e08e626e02a64474e71e96f581a5e1a618eef8cfebb6dd70465ae8816c259fc0a16a062f07e4e4911ff98c7022e92e54bf73d9416ac7f0e07fd6a156a4738d16788f84516442a8e30cfde1fd148e7a5ac1cfc45b8682f05de36195cc91b4f0dec74164a4042edbbf66238b44f09b6c0c5012d820ecb7673aca63b9b30fba852308ac3150374c8dae6b4bb20270c626d42e027c04429939c799c7c50a5a07ee319d461864e4847de53d8d747379b6342a027940a212c0c3936821e602e53f5a16725d4b0ad4fbc21c35ba8554d3ec945fbc0f88fb54124d6a297f262e89e390bf773b00fb215e8bf8a55b0b97957484f881fb88b0cd67773db5880ec96c6cc3e02c3be3cb1a0404117d56d8e1aa16334e56b2867f1d7f522db61f894abf7b18b72ffc17e8299d850feb4dfcb1776730a0a2b0fa6014de2ff2caf80bf6e7bb59743dd6ff1f37777faac2d1b23572b05f86311e57fbd2138121bc02902d1e24d0129993e8eab003b11705f6e9fa0a9a3ec619c8aad1140a433a870ebfe88e3fee5de3fbce095833d7dd034c299be9ab49b9446dc45bd8b7db30ce747fb360c5514940ccb8cf6e7fa6979ac2740aa167f4f2c6656c65e8314483d8d9ced935147e1f4a4d59c0bb485bc3fa9eba3ab35deb6f0bb48282f5d0031584984152b4516e3a16a046e229f4b73531f8af510f3ce169eb057d08ed67f6d5e280afe4995ef44f310bb624d60dc4fd16c0ce31215b46f80d32b027ad85322e55530f69c0d984ce3e0654bc61218a12280f46e80ea75c95dff6e4be22cc66e6cf2f6b98a879f4b20b217fe15c6909b86fed9b46bbd40325c901f3c7789c36a4c221af09c3694a7c0ce4c3d8c7f0dd7b72866c695af2c71c03f16a7a9931e10cd60b9e5c161cd09a0d63fa3420bd9e2b9ad6e924a5cd413b7b5b54cf158599a4880dce7c637f273e2d138fbaaecadd2769f04423d1b6840db9f99fadc15c473169a863e58489c6f16527df61799759237e3cd8b8c8bd412a0b533a1a8618bc4a14d05711d3a3161a9416beeea667255b7fa0fd9807b54f10e37863accc08b12637113193726ee406354f31e554aff0689f8abb87cd12f80e4239d26924ec2639cd423000d28be5efc4a4812abfaa9a4d6fee4c70f42c6fefc0039a985c00718bc5bb33c139b29a8b320ce36147838c28683da9572c27a2742e145369c73ab7f60cf05f1151ff2b84457fd7d88ed90ceaecc7466b807399b7016116519cffd52c7bccde358eccde0edd7891701e155f7e65d6f7bd04bc670171198fbf27ad370ea7933ec8b90ada89ef7b9fb13c4f93c14908f0ae2695079f0d4da3c78ef0d03748e0ed265f1e3735846895ae71174a1247b8db0ee69fa8ff7b3d928d1078e18cd48e3ff7ecfbc93e058e900987ee68d5f0de823bdaf745214229826790bf7390502459572ad8daaa48f5047fbff6b778a848f2d45a2ddbb7af5dcae73542931ee15e9156efddbf464dbb603a4b9f1084d714a126cb3b40652c419ab6cd25f03e66862ca0950d0a656e6473747265616d0d656e646f626a0d33362030206f626a0d3c3c2f4372656174696f6e446174652888e2a7a605315c5c0c0e5692394f3638ee5e3b00871594f6292f5375626a656374289caafcf841690f525a40e068086a2c8c166852c955d0f11604364a292f417574686f72289abde7e25070590c1103cc64292f43726561746f72289c8bf6e45c5c78190b1104cf655b5469ac006258ce0591ff62292f4b6579776f72647328bebdf6f35c5c78191e590fd16440226fbf006317d240c7b4391b301caed48740a2b8236b6c9e99e82e8535fbc8862f0fd6ac39b0d1f9d5e56b9dbf935c6e3614064b3e9a53b5548f49abe7a6bf3b79292f50726f6475636572288dbbe7f95769191e7b09d07d126e60bb012b0f8e148ae17043134ee0c0894ebcf4292f4d6f64446174652888e2a7a605315c5c0c0e5692384e3a3de75e3b00871594f6292f5469746c65288fb9e6fe155a085d5a09d37d5b4463ac1e293e3e0d656e646f626a0d787265660d0a302033370d0a3030303030303030303020363535333520660d0a30303030303233363536203030303030206e0d0a30303030303233373930203030303030206e0d0a30303030303233383535203030303030206e0d0a30303030303233393632203030303030206e0d0a30303030303234303332203030303030206e0d0a30303030303234313031203030303030206e0d0a30303030303234313731203030303030206e0d0a30303030303234323339203030303030206e0d0a30303030303234333036203030303030206e0d0a30303030303234333737203030303030206e0d0a30303030303234343635203030303030206e0d0a30303030303234353532203030303030206e0d0a30303030303234363239203030303030206e0d0a30303030303234373338203030303030206e0d0a30303030303234383233203030303030206e0d0a30303030303234383931203030303030206e0d0a30303030303234393630203030303030206e0d0a30303030303235303334203030303030206e0d0a30303030303235313730203030303030206e0d0a30303030303235323432203030303030206e0d0a30303030303235333832203030303030206e0d0a30303030303235343032203030303030206e0d0a30303030303235343232203030303030206e0d0a30303030303235343530203030303030206e0d0a30303030303235343737203030303030206e0d0a30303030303235353230203030303030206e0d0a30303030303235353938203030303030206e0d0a30303030303235363739203030303030206e0d0a30303030303235373538203030303030206e0d0a30303030303235383431203030303030206e0d0a30303030303235393139203030303030206e0d0a30303030303236303030203030303030206e0d0a30303030303236303336203030303030206e0d0a30303030303236303631203030303030206e0d0a30303030303236313134203030303030206e0d0a30303030303331303133203030303030206e0d0a747261696c65720d0a3c3c2f53697a652033372f456e6372797074203338203020523e3e0d0a7374617274787265660d0a3131360d0a2525454f460d0a);
INSERT INTO `transactions` (`id`, `user_id`, `category_id`, `item`, `description`, `type`, `amount`, `date`, `payment_method`, `receipt`) VALUES
(108, 22, 1, 'July Salary', 'June Salary ', 'Income', 75000.00, '2025-07-20', 'Debit Card', 0xffd8ffe000104a46494600010100000100010000ffdb008400090607080706090807080a0a090b0d160f0d0c0c0d1b14151016201d2222201d1f1f2428342c242631271f1f2d3d2d3135373a3a3a232b3f443f384334393a37010a0a0a0d0c0d1a0f0f1a37251f253737373737373737373737373737373737373737373737373737373737373737373737373737373737373737373737373737ffc0001108009400a603012200021101031101ffc4001b00000203010101000000000000000000000304000102050607ffc4003c1000020102040206070606020300000000010200031104122131134105225161718114233291a1b1c10633426272f024344352d1e1c2f11516b2ffc40014010100000000000000000000000000000000ffc40014110100000000000000000000000000000000ffda000c03010002110311003f00f62890c8b2d161917ba0522c32acb4585558195585148f619617433a34d3aabe1039e291ec336299ec33a2294d0a5039dc33d865f0cf619d2e14be1c0e6708f619384dfda7b675053b4bcb0393c1636ea9d45e5701cdac8daea349d9cba4b0a2070fd1ea35ac8c6fb69bcc7a3d46cb6a6c735eda6f3d0da41a6d03cc3d26500b2900ed7e702c93afd366f5f0cbda8fff0019cf6580932c0bac75d7ba05d6024c9243b2eb2a0328b0c8b2916191605a2c32ac8ab0a8b028268674292f5478455563b4fd853dd036ab37a099060abe1a9567cee0936b68c469fb303998e5e97f4cc48c1b370db8469b305ca9674ce2d7bb02b98f2236ecb0153a70d5c3f11dcf596e53204b719b3e6075b70f2e5b79f6cec0c15116b661df7edb7f88bb8714d69b61ea902daa9dee3e9a405e850e974e88c79ad882717512a7a300149a6d63975b5b7b691673f68556c8b9da9e273160c8054a488a328ef76cc795ac45f69d1ad469866cb44b003fb8f637f9f8c0b866a858d17d77b35adaebff00d37ba028ebd3e31756cedc0152b321ea6aa55c20f22aa6ff009fb8ceb745b575e8ea031ac4e202fac2d606fe4488a61cdf3de93d22ca2e4b5c9bff0089acb4c2b2804026ff000b7ca074f882d28d4139a2ae44545bd94003c04c9c41815d2ee1b1b8403fb5ff00e300cb0588a86a63b0bdd9be91a6580a32c0bac719601d6028cb242b2c900e821916650432081a45864132a219040816334beed3c04101a1f09ba27d52780813895429f522f66d338e5b7bfe12cd4ab72385a5d45f30e7bfbbe3352ee6008d5ad6d28dcd9bf18e5b7bfe128bd5bdb87a5c6b9f91dcc988a6d5026522c1816172330fdfca29e8d892d76c56b73a81da6fa0d7febca0159eb65fb904e526d9c6e361e7f08366ab72052b8b817cdcada983af85ad529d355c53065a4e85b6ccc45831f0986c355cd98d5d388adb9bd82dadefd7681a77ad6bf07f0936ce37bedfee659aa66b70f4cd6be6e56dfdfa4c2e15d0ddeb331cca7736d0007eb0e45a02acf56c7d4eb949b671bdf692ec4b065b007437de1cc1980b117c761bc4ce93088017c761bc4ce9b080ab2c0bac69840b880ab0950ac24804410e820d043a0804410aa265042a88176b299544fa843f944db7ddb1ec04c1d0d70c9bfb036f081cf4c506a6a6a745575254dc64bdb35c91dbc872e708f8854ac10e02a963d604269d5bd89f769e2245742b7e2e2f96ddd63cbb6d6f846b0800a245eb7b5fd5373a69fee02b46a25574a6dd1f55330652ccb602e031f79d3c4468d1a77bf0d6f9836dcc6dee85332602ed87a245b84b6b32edc9b53f1996a34f366e1adee189b731a030e661a02c70f472951496c41523b8ea44a346966cdc35be60db73b5afee872264881cdac02563457025e90a7ed8b58df35d6dbfe1f8897877cf52a0186a94af6259c5b31dbdfa472a8191efb58ded034ac5ae2f7c8b7b9f1f8c09457363a8f706fa4e9308ae152f8907b10fd238e202ee201c465840b880b30d654db89201121d20521d0402a432412432c095b4a2e7f29f94150fe5937f606de1098836c3553f90c1e1ff0096a5ad8e41f28088a88a9fcd55b2a83a6b61a1dfce11ebd3b8f5f57aba1d3dab66d7e07e10829e2140b6309b585ca8d8117fafbe584af940f4a208b0f617f7d9ee802078eec13155839bf540f641bfefca334d4a2d8b16d49b93df0417105471312058b13940d45f4ff1e70880aa2abbe760002c799816664cb245b5239f3ecde5122f6beb0333244d1237b890daf6beb003534527bb90bc5b0c433001ea37aa43d71fbd7b638e01523358db707683a68eadd6a85baa011de39c036107ae6fd318682c28f5a7c219a001e01e30f02f0176925bef240da43a45d21d201d61520521920631a6d83ac7f2199a048c3d3b6b6416f749d206d81adfa6551fe553500e41bf840e59e96c0261d5f1141a91295185334c31ca3316d469ae46f1b439c7e0bd20505a77ad9e9e65296b5fd93e23b3949ed9040c25d16cacca0b0b8b9ecd0de334a9e1037a8a5403687a8abcb6dbb206cd0a56b1a496b116cbdbbfbe434a9e6bf0d6f7076e636849460078146d6e125ac56d9791dc79c9c2a772722dee1af6e63630924011a146c47092c415b651b1dc7849c2a79b370d6f9b35edced6bc2ca81c96c760d2bae1aa618a3355343aca32dbabf02596de31ac3d7a6f8cc561d69147a795893a71011b8eed2d7ee85c4d0575565a74b32b66cce80db4b13b6f6d263074d15d9905105e9a1634d402da68741aff00d6d01ba02d53ca11a6690b3f94d3400bc0bc33c03c00bef248d240b430e862c861d0c0612190c5d0c321802e9436c0d4ef9aa1ae1e9f3ea0f940f4b37f02f0b408f46a77361906bd9a400945dfd109281ad7cb7d34037e6369749128b31a58722e40b8b6c77e7a01d9134a80d314fd331198a80014eb0361bdf5bebf1ee85a9884cf9862582df4554efb7cc1f7c06b8b52d7341f663baf2db9f39388d7b705f702f71cf9efca017114e8214a8ececa48cd6dceff00587a3552b2074bd89e62d0326a3dafc07be5636b8dc6c37e7ca6b3b662384d6cc05ee36237df96d372c401711f2df80f7ca4dae371cb7e7359db3e5e137b405ee36b6fbedca6ec48b03698a95053c81998e7600585f5815c472bf70e4e526d71dbb6fbcd5245563969e40b655371a8b7280ab8946a6deb19737e5db63cbc66f06cad52a5ab557d367d9753b7bfe50181a3f948d2db46f29863006e601e15cc0b9802692618eb240b430c862a86190c0694c3298b218553003d30dfc178b4670ffcbd2bff0060f9443a69bf8551f9a374988c352fd03e50324d51f86906b36c4efcbfdccb55a80ed4ed716d4edcff00d4c5473780663019156ad8fdd6c7727cbe1bcbe2d5bff4ad98733b738a063e714ab81a8ed50a632b520e1bd9e57bea2fd97f840eb712bdb414b359b99dff000ffb840d5736829e5b8b6a76b6be779c8a7d1f5c56e21c7563d7a6c52da754104781fa43d4c054a8c597175943673bfb3980dbe3ef81d006be52470b36536d4dafcbcad080d52daf0cae7ed37cb6f9de2f85a4f443712ab547637248e76e51917f0f18143d232ff4b3653ccefcbcad0c99eed9b2dafd5b5f6eff00394b36200eb1b3afe93f4826337883eb13f49fa40b98187302e66dcc03b40c3192618c903286190c511a1d5a034ad0c8d1546855680b74db7a8a63b5a74290be1697e81f29c8e9b6f57487799daa0b7c25136fc03e5014a83589f485d70c594907326a0fe613a5513581ab443a10c010791103e558ee91c72e1fa032e37123888b9ed55866f58fbebaec2193a471c3ed19a7e9b89e1ffe63034f2f15ad9583dc5afb1b0d27d0dba13a35c520fd1f8665a3a530690ea6b7d3b3527df363a17a378bc6ff00c7e1b8bc45ab9f842f9d6f95afda2e6c7be07cedfa471dff00ad62aafa6e27883195143715ae00a9485af7db53ef9d2fb4d8ec651fb4381a74b175d11b104155aa4022f3db0e85e8d344d13d1f86e1331629c216249049b7881ee85abd1380af552b57c150a9510dd5da98241ee303e7ff00677a431b53a399aa63310e7d1aa1bb5563ad97be75fec86331559ba278d89ad53397cd9ea139bd5b1d7ce7aaa5d13d1d453252c061d56c572ad20058ee3e50b87e8ec1e1b87e8f85a34b877c99100cba58dbcaf01b1360c1c99a00f147d6d3fd27e917669bc535ead3fd27e900c60659a05ccb76817681963241b36b240ca1864324900c86194e9249039dd3275a23c6757d32a52a6c8a16d4b08aeb71cf49248155314f9d8055d30e2a6dce64d762068bf739f6e7249034b558db45d6967db9cd0acd65d07dd17f39524022d66bd2161d6a658f8c895ddb87703ad4cb1d398924811310ecf4410b67a658e9ce553c4bb1a170bd756274ec924819a58ba8fe8f7cbeb0316d3b20e9632a39c35c2fadcf9ac3b24920652b356a54ea3db3156dbc653132a48026302e65c9000c6492481fffd9),
(109, 22, 7, 'Pizza', '', 'Expense', 1000.00, '2025-07-20', 'Cash', NULL),
(110, 22, 11, 'July-meds', '', 'Expense', 1500.00, '2025-07-20', 'UPI', NULL);

-- --------------------------------------------------------

--
-- Table structure for table `users`
--

CREATE TABLE `users` (
  `id` int(11) NOT NULL,
  `name` varchar(100) NOT NULL,
  `email` varchar(255) NOT NULL,
  `password` varchar(255) NOT NULL,
  `phone` varchar(20) DEFAULT NULL,
  `created_at` timestamp NOT NULL DEFAULT current_timestamp()
) ENGINE=InnoDB DEFAULT CHARSET=utf8mb4 COLLATE=utf8mb4_general_ci;

--
-- Dumping data for table `users`
--

INSERT INTO `users` (`id`, `name`, `email`, `password`, `phone`, `created_at`) VALUES
(1, 'EzioAud', 'ali@example.com', '$2y$10$NRgG8J0MUQ5g4oywJiFsL.fkxRQKo5mReyuI5DzyYiUWfLG7o1P7S', '9310584830', '2025-07-02 12:57:56'),
(2, 'Sara Mehta', 'sara@example.com', 'sara', '9123456789', '2025-07-02 12:57:56'),
(3, 'John Doe', 'john@example.com', 'john', '7890123456', '2025-07-02 12:57:56'),
(4, 'Rina Shah', 'rina@example.com', 'rina', '9988776655', '2025-07-02 12:57:56'),
(5, 'Aman Gupta', 'aman@example.com', 'aman', '9090909090', '2025-07-02 12:57:56'),
(6, 'abc', 'abc@gmail.com', '123', '9321058480', '2025-07-08 16:40:28'),
(7, 'xyz', 'xyz@gmail.com', '$2y$10$U82Llamds6cwRB5BAbPueu0l9MougKUnh0ihnuA6v39P/tqy4ywUy', '9321058481', '2025-07-08 16:54:56'),
(8, 'pyq', 'pyq@gmail.com', '$2y$10$Mas.KHnD/HmwD311hWYfxumLDlmyRm7775MrSIqigNGjrd3O40ZxK', '9321058485', '2025-07-08 17:11:16'),
(9, 'Riyaz', 'riyaztanwar@gmail.com', '$2y$10$zecoVmw68wH1pM7JBnQnaO6wKjSd/LY5C1sL2q6jMvxHkif8cBoVW', '9321058483', '2025-07-09 13:10:25'),
(22, 'edward', 'riyaztanwar@eng.rizvi.edu.in', '$2y$10$4mfUtmei4s2JPHW38g2W0OuZwu0H4Db0TBX47XtrmJ8iYVTv7ERQK', '9321058484', '2025-07-20 08:58:06'),
(23, 'Connor3', 'tanwarriyaz986@gmail.com', '$2y$10$9xTDuVdESaW2kmVfJP6wfudM6FC2k1NmG9q3guUshy0VxV8M4el5S', '9321058453', '2025-07-20 10:37:34'),
(24, 'Basim', 'riyaztanwar.cct@gmail.com', '$2y$10$KKu86NHBSv7ESxXblX6I7.HalLogB5OgvhpKKMU9U1E2cHm85IO1m', '9867287802', '2025-07-20 11:02:27');

--
-- Indexes for dumped tables
--

--
-- Indexes for table `categories`
--
ALTER TABLE `categories`
  ADD PRIMARY KEY (`id`),
  ADD UNIQUE KEY `unique_category` (`name`,`type`),
  ADD KEY `user_id` (`user_id`);

--
-- Indexes for table `goals`
--
ALTER TABLE `goals`
  ADD PRIMARY KEY (`id`),
  ADD UNIQUE KEY `unique_user_month` (`user_id`,`month_year`);

--
-- Indexes for table `transactions`
--
ALTER TABLE `transactions`
  ADD PRIMARY KEY (`id`),
  ADD KEY `user_id` (`user_id`),
  ADD KEY `category_id` (`category_id`);

--
-- Indexes for table `users`
--
ALTER TABLE `users`
  ADD PRIMARY KEY (`id`),
  ADD UNIQUE KEY `email` (`email`),
  ADD UNIQUE KEY `phone` (`phone`);

--
-- AUTO_INCREMENT for dumped tables
--

--
-- AUTO_INCREMENT for table `categories`
--
ALTER TABLE `categories`
  MODIFY `id` int(11) NOT NULL AUTO_INCREMENT, AUTO_INCREMENT=22;

--
-- AUTO_INCREMENT for table `goals`
--
ALTER TABLE `goals`
  MODIFY `id` int(11) NOT NULL AUTO_INCREMENT, AUTO_INCREMENT=32;

--
-- AUTO_INCREMENT for table `transactions`
--
ALTER TABLE `transactions`
  MODIFY `id` int(11) NOT NULL AUTO_INCREMENT, AUTO_INCREMENT=113;

--
-- AUTO_INCREMENT for table `users`
--
ALTER TABLE `users`
  MODIFY `id` int(11) NOT NULL AUTO_INCREMENT, AUTO_INCREMENT=25;

--
-- Constraints for dumped tables
--

--
-- Constraints for table `categories`
--
ALTER TABLE `categories`
  ADD CONSTRAINT `categories_ibfk_1` FOREIGN KEY (`user_id`) REFERENCES `users` (`id`) ON DELETE CASCADE;

--
-- Constraints for table `goals`
--
ALTER TABLE `goals`
  ADD CONSTRAINT `goals_ibfk_1` FOREIGN KEY (`user_id`) REFERENCES `users` (`id`) ON DELETE CASCADE;

--
-- Constraints for table `transactions`
--
ALTER TABLE `transactions`
  ADD CONSTRAINT `transactions_ibfk_1` FOREIGN KEY (`user_id`) REFERENCES `users` (`id`) ON DELETE CASCADE,
  ADD CONSTRAINT `transactions_ibfk_2` FOREIGN KEY (`category_id`) REFERENCES `categories` (`id`) ON DELETE CASCADE;
COMMIT;

/*!40101 SET CHARACTER_SET_CLIENT=@OLD_CHARACTER_SET_CLIENT */;
/*!40101 SET CHARACTER_SET_RESULTS=@OLD_CHARACTER_SET_RESULTS */;
/*!40101 SET COLLATION_CONNECTION=@OLD_COLLATION_CONNECTION */;
